2017-11-29 00:00:00,9795.14,10005.89,9735.4,9952.29,121.66085
2017-11-30 00:00:00,9949,11274.63,9157.6,9881.72,718.2449
2017-12-01 00:00:00,9881.72,10829.58,9259.2,10207.5,3893.4646
2017-12-02 00:00:00,10207.5,10923.56,9521,10832.16,1286.2992
2017-12-03 00:00:00,10866,11180.5,10704.6,10892.3,89.70183
2017-12-04 00:00:00,10946.76,11853,10735.7,11221.7,148.25359
2017-12-05 00:00:00,11231.5,11609.85,10880.6,11609.85,172.32777
2017-12-06 00:00:00,11666.82,11900.8,11466.7,11717.4,237.6712
2017-12-07 00:00:00,11746.49,13863.4,11728.4,13718.42,429.1456
2017-12-08 00:00:00,13756.4,17412.12,13756.4,17412.12,343.05008
2017-12-09 00:00:00,17403.41,18286.99,15179.36,16490,172.175
2017-12-10 00:00:00,16490,16847.02,13501,15230,269.63358
2017-12-11 00:00:00,15210,15854.71,13378.23,15348.1,447.1092
2017-12-12 00:00:00,15348.1,17404.74,15302.35,17186.09,307.37946
2017-12-13 00:00:00,17228.4,17462,16423.01,17297.75,498.5807
2017-12-14 00:00:00,17297.75,17540.95,16406.7,16725.7,354.65726
2017-12-15 00:00:00,16725.7,17181.25,16478.9,16820.2,241.47198
2017-12-16 00:00:00,16813.8,18100.3,16800,17743.8,447.88834
2017-12-17 00:00:00,17743.8,19507,17693.4,19310.8,422.71896
2017-12-18 00:00:00,19310.8,19982.6,18995,19411.7,459.5336
2017-12-19 00:00:00,19413.1,19413.1,18354.4,18943.7,433.02914
2017-12-20 00:00:00,19069.06,19216.9,16537.69,17671,607.9702
2017-12-21 00:00:00,17738,17877.32,15691.74,16581.1,671.3976
2017-12-22 00:00:00,16581.1,17303.9,15110.08,15791.2,607.7363
2017-12-23 00:00:00,15766.17,15953.9,11425.2,14016,1046.3687
2017-12-24 00:00:00,14004.2,15792.64,13956.11,14856.2,515.3337
2017-12-25 00:00:00,14856.1,14863.4,12667.4,13955,504.92966
2017-12-26 00:00:00,14030.9,14457.5,13272.3,13971.5,667.92773
2017-12-27 00:00:00,14069.3,16079.6,13899.1,15749.8,600.7572
2017-12-28 00:00:00,15734.9,16469,14538.33,15386.74,522.3177
2017-12-29 00:00:00,15386.74,15479.6,13515.08,14453.2,962.35913
2017-12-30 00:00:00,14465.07,15094.4,14047.7,14480.9,292.82935
2017-12-31 00:00:00,14480.9,14527.3,12295.2,12750.12,291.09998
2018-01-01 00:00:00,12673.1,14255.2,12550,13891.6,570.9247
2018-01-02 00:00:00,13849.93,13863.8,12947.2,13410.95,443.96524
2018-01-03 00:00:00,13504.83,15188.74,13000,14783.2,360.8844
2018-01-04 00:00:00,14706.3,15387.2,14603.8,15136.7,335.03632
2018-01-05 00:00:00,15136.7,15398.94,14382.8,15200.54,197.48962
2018-01-06 00:00:00,15154.94,17132.7,14838.9,16951.8,522.0642
2018-01-07 00:00:00,16942.6,17179,16277.38,17165.3,216.23535
2018-01-08 00:00:00,17113.8,17113.8,15782.35,16167.7,253.09459
2018-01-09 00:00:00,16154.93,16258.1,14417.6,14984.86,535.93085
2018-01-10 00:00:00,14982.06,15400,14186,14458.6,384.2975
2018-01-11 00:00:00,14467.1,14860.17,13512.54,14860.17,421.94696
2018-01-12 00:00:00,14860.17,14934.3,12830.9,13307.7,1534.6453
2018-01-13 00:00:00,13299.7,14118,12902.6,13817.68,454.91183
2018-01-14 00:00:00,13835.75,14541.48,13835.75,14215.23,293.08588
2018-01-15 00:00:00,14202.15,14350,13180.34,13640.1,280.8298
2018-01-16 00:00:00,13644.5,14300,13453.25,13574.89,252.54681
2018-01-17 00:00:00,13616.55,13625.48,10000,11405.7,1309.2072
2018-01-18 00:00:00,11403.4,11700.9,9382.9,11138.1,2143.4414
2018-01-19 00:00:00,11153.62,12064.81,10797.9,11342,1062.9221
2018-01-20 00:00:00,11317.9,12006.1,11131.2,11575.5,664.83295
2018-01-21 00:00:00,11589,12995.85,11548.9,12758.91,681.81067
2018-01-22 00:00:00,12766.7,12774.94,11131.15,11504.1,982.5745
2018-01-23 00:00:00,11520.01,11861.9,10072.62,10827.1,1074.073
2018-01-24 00:00:00,10796.2,11347.6,10027.9,10816.8,1119.7502
2018-01-25 00:00:00,10870.5,11392.09,10500,11313.08,759.1733
2018-01-26 00:00:00,11389.8,11656.2,10906.2,11156.2,478.69363
2018-01-27 00:00:00,11138.8,11595.29,10394.24,11091.3,754.51697
2018-01-28 00:00:00,11099.9,11551.5,10881.35,11415.8,615.48474
2018-01-29 00:00:00,11450.05,11900,11385.5,11653.7,265.19177
2018-01-30 00:00:00,11652.8,11760,11004.6,11135.7,500.239
2018-01-31 00:00:00,11146,11173.2,9776.78,9970,1027.202
2018-02-01 00:00:00,9970,10300,9654.32,10160.6,777.03076
2018-02-02 00:00:00,10162.9,10179.9,8425.5,9027.74,1611.2874
2018-02-03 00:00:00,9020.01,9076,7654.7,8815.2,2808.4563
2018-02-04 00:00:00,8825.7,9460,8153.3,9192.5,1040.468
2018-02-05 00:00:00,9176.6,9344.77,7852.4,8170.93,1219.4915
2018-02-06 00:00:00,8187.45,8339.7,6572,6904.31,2189.7852
2018-02-07 00:00:00,6905.93,7981.5,6008.8,7712.18,2944.4077
2018-02-08 00:00:00,7696.75,8587.5,7207.8,7554.9,992.0971
2018-02-09 00:00:00,7577.56,8615.76,7577.56,8245.4,531.6958
2018-02-10 00:00:00,8233.8,8727.1,7724.7,8696,409.3421
2018-02-11 00:00:00,8691.2,9041.7,8159.9,8547.91,350.0867
2018-02-12 00:00:00,8550.7,8552.82,7855,8069.32,297.76727
2018-02-13 00:00:00,8075.27,8977.3,8071.8,8891.4,293.39807
2018-02-14 00:00:00,8899.1,8945.9,8376.1,8525.4,244.95197
2018-02-15 00:00:00,8537.3,9500,8532.7,9486.71,198.74051
2018-02-16 00:00:00,9478.6,10257.4,9360.8,10063.02,282.62146
2018-02-17 00:00:00,10037.3,10301.39,9740.41,10170,259.279
2018-02-18 00:00:00,10176.4,11134.95,10057.6,11080.1,304.5725
2018-02-19 00:00:00,11080,11313.21,10175.9,10393.45,383.72647
2018-02-20 00:00:00,10390.65,11261.7,10289.7,11164,319.5604
2018-02-21 00:00:00,11158.9,11793.1,11140,11240.9,301.6676
2018-02-22 00:00:00,11209,11261.75,10264.2,10446.4,371.76514
2018-02-23 00:00:00,10446.4,10911.8,9753.7,9832.23,406.94843
2018-02-24 00:00:00,9819,10410.4,9562.5,10153.9,184.87856
2018-02-25 00:00:00,10151.27,10517,9400,9682.7,270.76974
2018-02-26 00:00:00,9680.6,9875,9230.6,9580.6,132.0793
2018-02-27 00:00:00,9587.6,10424.99,9387,10297.54,199.71375
2018-02-28 00:00:00,10319.29,10833.2,10136.3,10534.38,224.02808
2018-03-01 00:00:00,10554.79,11042.2,10256.6,10305,239.848
2018-03-02 00:00:00,10305,11047.93,10225,10897.9,173.2757
2018-03-03 00:00:00,10897.9,11180.6,10773.9,11013.29,173.53163
2018-03-04 00:00:00,11012.18,11491.3,11012.18,11436.9,152.3778
2018-03-05 00:00:00,11440.7,11500,11042.3,11481,95.1719
2018-03-06 00:00:00,11489.1,11644.4,11406.5,11417.1,64.20153
2018-03-07 00:00:00,11417.11,11543.5,10575.93,10705.8,190.80794
2018-03-08 00:00:00,10705.8,10949.7,9350,9895.01,375.7715
2018-03-09 00:00:00,9899,10096.5,9060.1,9297.66,305.93155
2018-03-10 00:00:00,9299,9398.81,8400,9256.96,350.03793
2018-03-11 00:00:00,9251.1,9507.3,8715.5,8771,153.02264
2018-03-12 00:00:00,8782,9740.3,8470,9528.5,288.80157
2018-03-13 00:00:00,9535.36,9900.7,8775.65,9126,252.9291
2018-03-14 00:00:00,9110,9480.4,8886.2,9145.55,244.97227
2018-03-15 00:00:00,9160.8,9388.4,7999,8219.9,197.88226
2018-03-16 00:00:00,8211.3,8402.6,7711,8253.7,339.1124
2018-03-17 00:00:00,8251.1,8593.14,7894.8,8290,263.64346
2018-03-18 00:00:00,8290,8348.3,7753.32,7874.39,133.21417
2018-03-19 00:00:00,7874.39,8303.1,7324.3,8187.6,378.00842
2018-03-20 00:00:00,8200,8693.03,8131.9,8585.79,315.858
2018-03-21 00:00:00,8583.1,9022.4,8328.5,8909.42,180.73206
2018-03-22 00:00:00,8909,9166.35,8790,8911.9,139.19331
2018-03-23 00:00:00,8888.9,9097.79,8500,8704.84,88.92222
2018-03-24 00:00:00,8701.91,8906.37,8306.89,8896.2,108.60499
2018-03-25 00:00:00,8901.2,8987.13,8528.6,8528.6,92.46799
2018-03-26 00:00:00,8523.34,8672.56,8397.03,8455.81,96.74996
2018-03-27 00:00:00,8481.1,8481.1,7900,8130.38,150.28638
2018-03-28 00:00:00,8135.22,8210,7750,7784.57,199.41821
2018-03-29 00:00:00,7782.83,8084.5,7674.9,7939.01,102.99871
2018-03-30 00:00:00,7937.9,7968.94,7028,7092.6,319.50516
2018-03-31 00:00:00,7094.3,7253.37,6618.5,6874.13,262.70325
2018-04-01 00:00:00,6891.7,7207.22,6800,6926.67,67.35371
2018-04-02 00:00:00,6935.67,7036.19,6458.1,6824.21,78.14512
2018-04-03 00:00:00,6810.7,7089.56,6784.4,7037.1,105.39358
2018-04-04 00:00:00,7053.33,7483,7022.77,7427.12,106.46559
2018-04-05 00:00:00,7427.12,7442.39,6769.67,6829.5,72.15802
2018-04-06 00:00:00,6822.71,6907.02,6585,6781,109.04023
2018-04-07 00:00:00,6781,6847.7,6511,6612.94,94.98357
2018-04-08 00:00:00,6620,7038.89,6614.36,6890,86.7855
2018-04-09 00:00:00,6903.87,7069.4,6889.3,7015.67,31.216629
2018-04-10 00:00:00,7026.83,7195,6644.5,6769.68,60.766987
2018-04-11 00:00:00,6783.8,6869.08,6700,6840.5,49.324284
2018-04-12 00:00:00,6848.31,6954.59,6801.7,6944.39,45.992367
2018-04-13 00:00:00,6932.21,7973.09,6788.62,7905.58,154.70311
2018-04-14 00:00:00,7922.98,8209.17,7726.7,7840,89.291435
2018-04-15 00:00:00,7834,8152.18,7812.1,8000.41,46.118526
2018-04-16 00:00:00,8005.5,8362.65,8005.5,8356.51,36.514782
2018-04-17 00:00:00,8345.76,8386,7885,8058.3,49.093155
2018-04-18 00:00:00,8058.3,8142.01,7838.28,7899.1,38.52373
2018-04-19 00:00:00,7894.7,8214.89,7887.02,8147.85,63.118782
2018-04-20 00:00:00,8131.81,8300,8102.7,8280.1,43.10428
2018-04-21 00:00:00,8276.5,8962.3,8218.6,8853.47,98.43905
2018-04-22 00:00:00,8876.53,9001,8630,8901.08,42.877945
2018-04-23 00:00:00,8905.83,8998.1,8718.5,8761.8,46.913162
2018-04-24 00:00:00,8765.5,8967.7,8623.6,8920,39.977127
2018-04-25 00:00:00,8920,9698,8917.21,9624.3,92.62039
2018-04-26 00:00:00,9648.89,9759.8,8630,8855.02,156.56952
2018-04-27 00:00:00,8859.73,9273.5,8635.01,9273.5,90.469536
2018-04-28 00:00:00,9237.42,9349.9,8919,8919,80.09733
2018-04-29 00:00:00,8919,9391.1,8890,9323.4,78.975876
2018-04-30 00:00:00,9321.7,9501.77,9188,9385.07,112.01168
2018-05-01 00:00:00,9358.06,9387.8,9106.7,9220.4,51.889668
2018-05-02 00:00:00,9222.1,9223,8846.8,9045,67.848854
2018-05-03 00:00:00,9047.3,9229,8896.9,9191.03,71.03116
2018-05-04 00:00:00,9191.88,9732.94,9120.51,9688.6,88.90439
2018-05-05 00:00:00,9683.7,9702.28,9400,9667.3,78.12332
2018-05-06 00:00:00,9664.1,9916.4,9657.8,9739.91,48.094612
2018-05-07 00:00:00,9742.71,9881.65,9411,9573.2,50.94679
2018-05-08 00:00:00,9582.19,9582.19,9190.5,9331.1,69.254616
2018-05-09 00:00:00,9327.9,9469.3,9067.21,9200.5,77.47548
2018-05-10 00:00:00,9150.01,9342.9,8987.5,9300.5,66.82852
2018-05-11 00:00:00,9295.1,9381.7,9007.2,9009.3,48.776146
2018-05-12 00:00:00,9002.88,9006.78,8329.7,8387.07,138.91846
2018-05-13 00:00:00,8369.63,8636.7,8220.7,8421.31,124.84863
2018-05-14 00:00:00,8480.23,8730.25,8350,8666.2,55.642117
2018-05-15 00:00:00,8658.52,8895.4,8263.1,8696.5,103.839294
2018-05-16 00:00:00,8696.5,8842.7,8436.01,8481.6,75.981476
2018-05-17 00:00:00,8476.9,8490.58,8166.91,8341.9,134.2115
2018-05-18 00:00:00,8343.7,8467.77,8001.21,8106.37,153.32062
2018-05-19 00:00:00,8073.56,8305.3,7932.9,8240.3,79.22668
2018-05-20 00:00:00,8250.2,8402.61,8174.7,8237,49.67756
2018-05-21 00:00:00,8221.3,8558.5,8177.8,8503.21,58.67627
2018-05-22 00:00:00,8503.23,8552.39,8300,8404.7,48.325783
2018-05-23 00:00:00,8396.9,8426.1,7986.8,8026.7,73.20147
2018-05-24 00:00:00,8023.3,8077.01,7492.6,7560,102.95728
2018-05-25 00:00:00,7560,7783.43,7301,7603.3,159.2158
2018-05-26 00:00:00,7605.7,7670,7378.4,7494.2,134.7941
2018-05-27 00:00:00,7492.9,7619,7296.9,7337.6,86.18849
2018-05-28 00:00:00,7335.04,7403,7258.9,7383,31.68408
2018-05-29 00:00:00,7385.2,7468.18,7101,7128.6,35.476833
2018-05-30 00:00:00,7128.6,7552.5,7071,7487.6,70.2718
2018-05-31 00:00:00,7495.32,7575.1,7290,7396.7,88.301895
2018-06-01 00:00:00,7403.8,7628.9,7327.2,7490,72.20526
2018-06-02 00:00:00,7494.6,7600,7374.68,7521.6,84.443275
2018-06-03 00:00:00,7517.9,7665.41,7463.07,7602.3,113.89898
2018-06-04 00:00:00,7597.39,7737.5,7597.39,7706,50.895412
2018-06-05 00:00:00,7712,7738.5,7458.1,7492.7,94.13734
2018-06-06 00:00:00,7494.9,7644.27,7379.82,7610.24,121.51441
2018-06-07 00:00:00,7619.71,7700,7455.5,7663.6,93.6297
2018-06-08 00:00:00,7671,7751.7,7649.3,7699.7,99.176674
2018-06-09 00:00:00,7688.3,7706.4,7554.2,7626.9,48.07849
2018-06-10 00:00:00,7625.22,7684.5,7496.6,7507.2,43.966183
2018-06-11 00:00:00,7511.7,7511.7,6681.28,6791.7,142.06993
2018-06-12 00:00:00,6784.2,6937.45,6674.8,6937.45,135.60406
2018-06-13 00:00:00,6902.2,6936.55,6521.2,6585.9,136.73747
2018-06-14 00:00:00,6582.3,6666.4,6260,6337.2,303.9212
2018-06-15 00:00:00,6339.4,6730.32,6300.61,6659.9,236.24512
2018-06-16 00:00:00,6665.87,6684.8,6400,6415.1,129.23236
2018-06-17 00:00:00,6429,6550.02,6355.95,6506.7,93.167725
2018-06-18 00:00:00,6509.11,6564,6458,6464.7,48.797035
2018-06-19 00:00:00,6466.6,6762,6401.72,6701.7,159.66457
2018-06-20 00:00:00,6710,6799.7,6673,6750.2,83.4741
2018-06-21 00:00:00,6748.3,6807.7,6584.4,6765.3,120.11614
2018-06-22 00:00:00,6770.6,6812.99,6696.81,6737.6,78.014915
2018-06-23 00:00:00,6732.7,6752.3,5944.3,6119.5,217.49489
2018-06-24 00:00:00,6119.79,6273,6089.32,6195,89.853905
2018-06-25 00:00:00,6195.1,6274.1,5859.7,6170.8,269.18405
2018-06-26 00:00:00,6170,6350,6087.76,6251.5,134.45332
2018-06-27 00:00:00,6253.5,6295.6,6053.1,6086.7,120.06874
2018-06-28 00:00:00,6071.13,6180,6045.9,6157.8,122.39131
2018-06-29 00:00:00,6155.47,6175.8,5855.07,5885.8,195.58527
2018-06-30 00:00:00,5882,6284.59,5826.7,6191,154.79295
2018-07-01 00:00:00,6195.7,6475.74,6194.5,6382.2,131.25958
2018-07-02 00:00:00,6389.1,6436.1,6267.6,6355.6,47.876816
2018-07-03 00:00:00,6349.89,6660.3,6291.8,6600,147.36226
2018-07-04 00:00:00,6610,6650.2,6461.5,6503.3,85.64929
2018-07-05 00:00:00,6505.9,6766.89,6406.63,6573.5,94.26823
2018-07-06 00:00:00,6574,6652.6,6450,6539.9,152.45082
2018-07-07 00:00:00,6541.37,6612.9,6441.6,6595.1,111.68051
2018-07-08 00:00:00,6595.91,6748.8,6499.4,6724.47,87.991875
2018-07-09 00:00:00,6739.65,6740,6658.96,6691.7,37.16688
2018-07-10 00:00:00,6691.7,6788,6635,6647.98,94.38909
2018-07-11 00:00:00,6653.1,6674.59,6275.99,6308.4,119.39321
2018-07-12 00:00:00,6312.7,6395.28,6290.8,6377.6,93.68002
2018-07-13 00:00:00,6371.64,6371.64,6077.51,6225.3,132.47398
2018-07-14 00:00:00,6230.7,6325,6123.7,6218.3,65.1954
2018-07-15 00:00:00,6222.4,6300,6200,6248.03,59.399216
2018-07-16 00:00:00,6255.1,6389.99,6220.5,6336.7,69.104515
2018-07-17 00:00:00,6342.4,6747.35,6318,6728.3,125.44396
2018-07-18 00:00:00,6731.9,7425,6660.54,7299.3,178.02693
2018-07-19 00:00:00,7299.3,7488.7,7203.51,7311.11,57.10592
2018-07-20 00:00:00,7310.12,7462.4,7258.53,7435.96,36.648167
2018-07-21 00:00:00,7434.83,7615.82,7287.2,7336.96,138.81708
2018-07-22 00:00:00,7336.8,7438.3,7207.43,7409.7,87.44545
2018-07-23 00:00:00,7401.87,7528.63,7326.03,7395.43,100.509514
2018-07-24 00:00:00,7379.1,7794.2,7372.39,7713.94,140.30733
2018-07-25 00:00:00,7713.94,8462.81,7700.74,8385.1,136.75937
2018-07-26 00:00:00,8351.2,8475.8,8023.21,8152.6,123.53524
2018-07-27 00:00:00,8157.66,8286.2,7834.7,7922.5,144.96286
2018-07-28 00:00:00,7928.28,8257.9,7779,8167.25,58.088753
2018-07-29 00:00:00,8184.76,8213.8,8053,8203.7,35.635487
2018-07-30 00:00:00,8211.7,8241.3,8130,8176.3,31.348501
2018-07-31 00:00:00,8186.2,8237.3,7846.24,8153.99,74.17412
2018-08-01 00:00:00,8138,8141.3,7636,7717.34,118.04351
2018-08-02 00:00:00,7708.59,7731.72,7439.9,7592.8,95.94029
2018-08-03 00:00:00,7593.74,7673.4,7457.63,7534.9,72.81038
2018-08-04 00:00:00,7530.96,7541.39,7287.4,7399.09,89.83769
2018-08-05 00:00:00,7399.1,7460.24,6914.7,7003.5,122.61709
2018-08-06 00:00:00,7007.18,7058.05,6880.49,7037.1,80.49708
2018-08-07 00:00:00,7028,7150.92,6825.5,6930.86,110.8429
2018-08-08 00:00:00,6931.1,7134.08,6685.34,6707.5,175.01416
2018-08-09 00:00:00,6714.5,6714.5,6115,6271.94,259.36697
2018-08-10 00:00:00,6270.28,6618.69,6205.9,6535.31,342.76654
2018-08-11 00:00:00,6557.41,6580.2,6052.6,6189,266.0284
2018-08-12 00:00:00,6200,6490.89,6091.4,6258.19,278.0526
2018-08-13 00:00:00,6257.83,6467.09,6190.3,6332.3,220.50912
2018-08-14 00:00:00,6340.8,6537.4,6161,6281.65,137.9779
2018-08-15 00:00:00,6275.3,6277.36,5925,6190,245.85481
2018-08-16 00:00:00,6190,6593.4,6185.48,6264.6,328.2005
2018-08-17 00:00:00,6254.2,6464.37,6220.4,6320.35,156.9607
2018-08-18 00:00:00,6325.5,6583.88,6304.2,6582.64,143.72069
2018-08-19 00:00:00,6588.7,6615.5,6327.3,6405.6,143.64592
2018-08-20 00:00:00,6402.1,6542,6335.6,6486.9,141.15736
2018-08-21 00:00:00,6489.4,6520.8,6256.01,6262.34,154.58382
2018-08-22 00:00:00,6258.9,6490.81,6256.03,6471.21,134.6728
2018-08-23 00:00:00,6480.83,6863.47,6250,6340.51,316.59
2018-08-24 00:00:00,6359.53,6535.4,6355.4,6511.9,129.44191
2018-08-25 00:00:00,6519.1,6709.3,6464.05,6676.5,111.79655
2018-08-26 00:00:00,6677.8,6786.3,6657.3,6735.1,109.53598
2018-08-27 00:00:00,6717,6755.1,6565,6701.6,79.29905
2018-08-28 00:00:00,6686.1,6900.9,6647.3,6881.5,68.86043
2018-08-29 00:00:00,6886.5,7116.3,6831.2,7074,81.12898
2018-08-30 00:00:00,7074.68,7093.95,6929.29,7022.4,113.03663
2018-08-31 00:00:00,7024.7,7036.7,6808.8,6984.1,93.036354
2018-09-01 00:00:00,6985.5,7063.3,6893.78,7007,58.518738
2018-09-02 00:00:00,7010.5,7233,7009.71,7185.9,91.24827
2018-09-03 00:00:00,7182.8,7321.6,7135.2,7287.7,29.768894
2018-09-04 00:00:00,7295.67,7317.8,7190.9,7240,24.76557
2018-09-05 00:00:00,7254.8,7378.9,7235,7352.6,39.526985
2018-09-06 00:00:00,7352.6,7382.34,6661.9,6680.9,160.7094
2018-09-07 00:00:00,6665.3,6687.4,6271.5,6498.37,158.15108
2018-09-08 00:00:00,6496.9,6542.1,6354.83,6395.59,79.670586
2018-09-09 00:00:00,6395.59,6464.6,6142.6,6204,112.64657
2018-09-10 00:00:00,6182.5,6414.5,6161.33,6241.3,132.06403
2018-09-11 00:00:00,6231.5,6337.9,6231.5,6299.67,66.51941
2018-09-12 00:00:00,6305.71,6380.88,6201.56,6278.48,97.62576
2018-09-13 00:00:00,6278.48,6334,6205.1,6334,43.3902
2018-09-14 00:00:00,6323.6,6515.6,6323.6,6505.4,63.18354
2018-09-15 00:00:00,6486.3,6583.5,6422.52,6486.06,66.84471
2018-09-16 00:00:00,6477.9,6551,6471.53,6513.13,21.075432
2018-09-17 00:00:00,6482.78,6499.1,6385.8,6492,40.999462
2018-09-18 00:00:00,6499.1,6515.4,6212.3,6253.8,67.60889
2018-09-19 00:00:00,6251.3,6376,6233.3,6340,70.04459
2018-09-20 00:00:00,6330.3,6481.4,6110,6350,154.77809
2018-09-21 00:00:00,6350.04,6506.6,6342.94,6478.42,58.03044
2018-09-22 00:00:00,6485.5,6754,6476.42,6727,78.29887
2018-09-23 00:00:00,6725.6,6788,6625,6691.72,50.816193
2018-09-24 00:00:00,6691.72,6750,6659.8,6698.13,11.633371
2018-09-25 00:00:00,6667.1,6671.68,6560,6570.01,17.42084
2018-09-26 00:00:00,6570.01,6570.01,6331.4,6417.8,53.71862
2018-09-27 00:00:00,6418,6531.6,6400.4,6476.3,40.25119
2018-09-28 00:00:00,6468.4,6711.6,6441.6,6680,23.957678
2018-09-29 00:00:00,6686.2,6750,6541.4,6618.1,76.712585
2018-09-30 00:00:00,6610.8,6612.64,6467.69,6576.6,47.469845
2018-10-01 00:00:00,6564.6,6625,6522.6,6600.2,18.97794
2018-10-02 00:00:00,6599.4,6629.53,6498.7,6558.19,23.785355
2018-10-03 00:00:00,6557.6,6585.09,6475.9,6503,29.163748
2018-10-04 00:00:00,6497,6504.88,6403.62,6475,18.008284
2018-10-05 00:00:00,6475,6601.4,6475,6546.6,47.29985
2018-10-06 00:00:00,6542.2,6594,6513.7,6594,50.60678
2018-10-07 00:00:00,6579.6,6583.7,6537.9,6549.13,11.469499
2018-10-08 00:00:00,6563.9,6580.9,6516.7,6546.71,12.684097
2018-10-09 00:00:00,6566.35,6633.4,6552.1,6607.7,20.579561
2018-10-10 00:00:00,6605.9,6605.9,6545.6,6598.1,8.888885
2018-10-11 00:00:00,6594.32,6600,6468.3,6535,77.73731
2018-10-12 00:00:00,6519.4,6519.4,6117.9,6169,81.066536
2018-10-13 00:00:00,6169,6250,6150,6217,32.319595
2018-10-14 00:00:00,6211.9,6229,6211.9,6218.3,0.3864904
2018-10-15 00:00:00,6223,6274.3,6178.6,6178.6,16.909794
2018-10-16 00:00:00,6198.4,6716.39,6180.5,6460.3,282.75418
2018-10-17 00:00:00,6450,6517.6,6407.23,6468.5,57.510513
2018-10-18 00:00:00,6473.9,6478.49,6424,6466.1,41.091503
2018-10-19 00:00:00,6460,6483.2,6380.6,6424.66,29.578878
2018-10-20 00:00:00,6424.66,6424.66,6369.2,6393.4,20.088762
2018-10-21 00:00:00,6385.81,6421.89,6362.7,6413.2,25.00189
2018-10-22 00:00:00,6411.5,6449.6,6391.5,6417.6,24.491611
2018-10-23 00:00:00,6410,6424.63,6371.5,6411.9,22.716545
2018-10-24 00:00:00,6411.9,6411.9,6374.3,6396.7,51.783215
2018-10-25 00:00:00,6388,6443.5,6267.4,6416.8,81.9086
2018-10-26 00:00:00,6417.4,6429.59,6375.7,6407.5,21.529188
2018-10-27 00:00:00,6395,6431.4,6370.2,6381.05,36.583523
2018-10-28 00:00:00,6402.2,6421,6372.11,6372.4,17.039803
2018-10-29 00:00:00,6406.4,6427.62,6377.1,6400.1,10.029244
2018-10-30 00:00:00,6401.1,6416.02,6039.7,6241.7,144.79018
2018-10-31 00:00:00,6241.7,6288.7,6241.7,6272,21.97092097
2018-11-01 00:00:00,6269.8,6337.8,6189.8,6303.2,51.32463033
2018-11-02 00:00:00,6293.6,6359.9,6269.6,6344.8,24.92161706
2018-11-03 00:00:00,6339.7,6366.2,6312.9,6348.7,12.73754669
2018-11-04 00:00:00,6348.93,6348.93,6317,6336.5,6.34337294
2018-11-05 00:00:00,6316.8,6435.2,6316.8,6414.9,21.66894901
2018-11-06 00:00:00,6389.58,6415,6378.1,6398.9,11.40788118
2018-11-07 00:00:00,6398.9,6438,6311.4,6438,46.85331038
2018-11-08 00:00:00,6452.7,6525.3,6452.7,6494.8,36.2183214
2018-11-09 00:00:00,6498.9,6498.9,6397.3,6404.9,48.29591613
2018-11-10 00:00:00,6401.3,6407.4,6265.8,6330.6,30.32204841
2018-11-11 00:00:00,6329.1,6369.3,6316.7,6347.1,5.79840984
2018-11-12 00:00:00,6350.1,6356.4,6281,6356.2,6.97462067
2018-11-13 00:00:00,6368.33,6373.4,6305.1,6335.7,3.75463203
2018-11-14 00:00:00,6331.4,6331.4,6266.3,6271.5,26.14368641
2018-11-15 00:00:00,6272.3,6298.4,5336.1,5668.01,453.80115685
2018-11-16 00:00:00,5697.3,5733.3,5261.6,5609,137.87185071
2018-11-17 00:00:00,5592.3,5620.7,5443.1,5529.4,71.13767592
2018-11-18 00:00:00,5518,5540.4,5460.3,5517.6,22.58104799
2018-11-19 00:00:00,5517.6,5598.88,5505.5,5575.2,28.00867258
2018-11-20 00:00:00,5579,5579,4715.5,4800.4,218.47707714
2018-11-21 00:00:00,4793.16,4900.1,4098.8,4376.6,487.95110614
2018-11-22 00:00:00,4358.7,4636.6,4274.1,4557.8,267.50182859
2018-11-23 00:00:00,4564.95,4587.7,4279.44,4280.3,74.0214328
2018-11-24 00:00:00,4296.95,4353.97,4132.1,4302.16,111.70564305
2018-11-25 00:00:00,4315.8,4375.7,3684.3,3785.6,206.32564404
2018-11-26 00:00:00,3786.78,4115,3526.9,3977.6,767.09165785
2018-11-27 00:00:00,3951.3,4089.5,3558,3735.9,408.3997053
2018-11-28 00:00:00,3739.6,3831,3633.4,3782.57,248.60484193
2018-11-29 00:00:00,3783.4,4363,3783.4,4227.68,385.2723332
2018-11-30 00:00:00,4234.34,4391.1,4101.78,4229.6,213.44882987
2018-12-01 00:00:00,4263.2,4299.1,3874.4,3983.8,179.80763538
2018-12-02 00:00:00,3981.7,4264.4,3931,4156,134.2676531
2018-12-03 00:00:00,4155.1,4265.5,4075.9,4102.8,67.16507271
2018-12-04 00:00:00,4115.11,4115.11,3797.4,3840.1,103.00315372
2018-12-05 00:00:00,3844.1,4038.5,3779.2,3911.31,160.33702572
2018-12-06 00:00:00,3911.1,3915.4,3656.9,3701.4,111.5527974
2018-12-07 00:00:00,3701.4,3836.9,3453.7,3453.7,321.96178554
2018-12-08 00:00:00,3438.5,3569.97,3223.7,3375.9,423.22062925
2018-12-09 00:00:00,3380.9,3481.3,3261.2,3396.23,160.8481123
2018-12-10 00:00:00,3404.3,3637.6,3386.6,3546.31,140.86011588
2018-12-11 00:00:00,3547.21,3597.2,3412.9,3424.52,46.36705443
2018-12-12 00:00:00,3420.5,3420.63,3305.5,3350,103.50971989
2018-12-13 00:00:00,3344.1,3483.98,3337.5,3440,102.59598554
2018-12-14 00:00:00,3437.8,3439.9,3229.06,3271.1,146.76268794
2018-12-15 00:00:00,3269.17,3288.9,3148.42,3197.8,188.14633776
2018-12-16 00:00:00,3198.18,3231.04,3136.7,3194.5,55.53774179
2018-12-17 00:00:00,3190.2,3262.11,3182,3196.28,76.77095716
2018-12-18 00:00:00,3199.7,3567.4,3195.7,3504.9,285.50017589
2018-12-19 00:00:00,3506.34,3680.81,3439.45,3661.74,119.52054678
2018-12-20 00:00:00,3674.4,3922,3643.1,3696.6,151.31335959
2018-12-21 00:00:00,3673.13,4168.2,3673.13,4081.1,248.15268696
2018-12-22 00:00:00,4072.86,4150,3788.1,3856.8,144.73984451
2018-12-23 00:00:00,3861.4,4015.94,3800.46,3986.5,86.87220172
2018-12-24 00:00:00,3982.79,4051.2,3920.4,3950.28,75.35048652
2018-12-25 00:00:00,3962.13,4228.6,3962.13,4052.8,149.38795511
2018-12-26 00:00:00,4031.69,4031.69,3687.94,3775.49,132.1746266
2018-12-27 00:00:00,3787.3,3872.8,3702.1,3811.89,50.86685014
2018-12-28 00:00:00,3814.4,3838.4,3581.1,3598.79,92.7790072
2018-12-29 00:00:00,3601,3926,3589.7,3880.5,81.17644288
2018-12-30 00:00:00,3890.1,3933.4,3729.9,3752.1,104.39835141
2018-12-31 00:00:00,3754.9,3856.47,3715.2,3829.3,54.01096828
2019-01-01 00:00:00,3838.9,3838.9,3625.5,3699.12,163.67361976
2019-01-02 00:00:00,3706.2,3825.8,3665.95,3819.8,54.4287354
2019-01-03 00:00:00,3827.85,3955.8,3778.1,3909.19,56.10229857
2019-01-04 00:00:00,3883.9,3893.69,3722.41,3795.9,87.53461261
2019-01-05 00:00:00,3783.03,3851.51,3732.8,3837.3,9.85123884
2019-01-06 00:00:00,3838.19,3865.4,3789.39,3800.76,33.59387349
2019-01-07 00:00:00,3800.77,4075.23,3766.9,4052.09,116.32199934
2019-01-08 00:00:00,4052.13,4057.02,3925.3,3990,156.98481028
2019-01-09 00:00:00,3991.09,4101.6,3958.7,4000.4,46.87370197
2019-01-10 00:00:00,3985,4038.3,3957.1,3999.05,49.76273059
2019-01-11 00:00:00,4011.06,4032.7,3553.9,3633.24,199.56362623
2019-01-12 00:00:00,3628.5,3687.4,3584.7,3630.5,31.35606607
2019-01-13 00:00:00,3632.1,3649,3578.41,3618.91,17.67347524
2019-01-14 00:00:00,3614.3,3635.6,3489.23,3508.5,40.57202952
2019-01-15 00:00:00,3520.53,3706.4,3520.53,3668.9,64.92227109
2019-01-16 00:00:00,3681.01,3684.1,3560.7,3587.1,56.20338193
2019-01-17 00:00:00,3583.69,3658.67,3570.9,3606.3,55.70751781
2019-01-18 00:00:00,3612.6,3649.59,3548.5,3636.72,131.62426347
2019-01-19 00:00:00,3634.57,3634.6,3510,3615.71,144.13825089
2019-01-20 00:00:00,3612.3,3743.4,3611,3701.6,55.54053454
2019-01-21 00:00:00,3683,3694.6,3494.1,3537,66.36280761
2019-01-22 00:00:00,3543.92,3558,3471.7,3532.27,59.18199759
2019-01-23 00:00:00,3542.87,3600,3450.3,3572.9,64.80816593
2019-01-24 00:00:00,3572.22,3600.4,3519.78,3555,73.51265084
2019-01-25 00:00:00,3546.2,3578.43,3520.3,3567.91,51.2115816
2019-01-26 00:00:00,3567.91,3567.91,3419.2,3557.2,323.31388987
2019-01-27 00:00:00,3561.12,3636.5,3541.2,3562.5,25.42071865
2019-01-28 00:00:00,3549.5,3558.8,3477.4,3531.26,10.36029083
2019-01-29 00:00:00,3531.26,3531.26,3322.8,3434.7,338.23684303
2019-01-30 00:00:00,3434.5,3434.5,3348.2,3381,22.03169521
2019-01-31 00:00:00,3381.02,3454.1,3376.7,3434,66.91797557
2019-02-01 00:00:00,3437.2,3463.88,3390.7,3410,74.53531386
2019-02-02 00:00:00,3409.66,3448.8,3372,3448.8,8.15189858
2019-02-03 00:00:00,3439.2,3474.7,3416.8,3470.03,13.8280955
2019-02-04 00:00:00,3456.48,3458.4,3385.7,3410.45,2.73447926
2019-02-05 00:00:00,3409.96,3431.4,3398,3410.32,49.065071
2019-02-06 00:00:00,3410.16,3430.4,3399.2,3422.43,6.50116022
2019-02-07 00:00:00,3422.63,3435.4,3343.8,3373.14,17.56923692
2019-02-08 00:00:00,3366.02,3371.54,3338.69,3349.89,12.363758
2019-02-09 00:00:00,3351.68,3698.92,3343,3621.3,89.49295706
2019-02-10 00:00:00,3611.4,3629.7,3591.37,3616.11,38.98166302
2019-02-11 00:00:00,3616.11,3639.7,3582.8,3635.82,20.149
2019-02-12 00:00:00,3635.62,3635.62,3578,3586.3,11.56583243
2019-02-13 00:00:00,3582.78,3609.3,3551.3,3586.9,36.49997118
2019-02-14 00:00:00,3579.3,3617.4,3550.8,3568.82,69.28695946
2019-02-15 00:00:00,3568.12,3578.6,3539.4,3564.13,6.40699232
2019-02-16 00:00:00,3563.3,3604.33,3541.8,3563.93,10.48415367
2019-02-17 00:00:00,3563.93,3603.5,3563.93,3578.39,13.73530773
2019-02-18 00:00:00,3577.93,3649.43,3558.27,3632,22.98915471
2019-02-19 00:00:00,3631.18,3906.94,3630.6,3865.08,32.90961613
2019-02-20 00:00:00,3868.97,3958.3,3848.2,3885.13,18.59376795
2019-02-21 00:00:00,3893.8,3950.4,3851.59,3936.32,36.1573541
2019-02-22 00:00:00,3925.5,3975.5,3884.3,3894.15,9.52651911
2019-02-23 00:00:00,3898.95,3951,3897.8,3951,6.39118061
2019-02-24 00:00:00,3945.1,4145.2,3912.7,4114.4,29.31367091
2019-02-25 00:00:00,4111.8,4177.7,3714.59,3737.41,87.99247173
2019-02-26 00:00:00,3740.23,3858,3740.23,3835.3,42.08169074
2019-02-27 00:00:00,3826.49,3832.9,3774.4,3795.5,23.49952913
2019-02-28 00:00:00,3794.5,3817.1,3681,3799.26,33.23548787
2019-03-01 00:00:00,3802.2,3883.6,3772.2,3795.8,54.05773177
2019-03-02 00:00:00,3795.02,3838.28,3774.5,3810.1,10.18265965
2019-03-03 00:00:00,3810.2,3826.67,3773.2,3807.3,14.802464
2019-03-04 00:00:00,3806.66,3826.77,3766.18,3780.03,25.36943362
2019-03-05 00:00:00,3783.57,3814.1,3682,3697.38,39.48591615
2019-03-06 00:00:00,3699.69,3864.2,3694.6,3841.4,47.39852546
2019-03-07 00:00:00,3841.4,3880.14,3799.01,3846.81,36.62672155
2019-03-08 00:00:00,3845.9,3882.82,3835.4,3850.73,10.01245832
2019-03-09 00:00:00,3850.67,3903.8,3798,3839.49,25.30216539
2019-03-10 00:00:00,3850.7,3942.14,3850.7,3912.05,15.56936997
2019-03-11 00:00:00,3912.8,3925.84,3874,3898.73,12.01144083
2019-03-12 00:00:00,3906.72,3917.3,3821.1,3854.3,35.97778115
2019-03-13 00:00:00,3843,3874.4,3802.9,3871.4,14.99093428
2019-03-14 00:00:00,3863.4,3870.5,3850,3855,27.61770833
2019-03-15 00:00:00,3855,3895.55,3813.3,3864.4,30.44809107
2019-03-16 00:00:00,3863.45,3959.1,3846.5,3896.96,25.44745984
2019-03-17 00:00:00,3903.3,4018.8,3903.3,3987.88,50.08079896
2019-03-18 00:00:00,3987.88,3990.4,3939.27,3969.1,26.55056273
2019-03-19 00:00:00,3965.1,4011.4,3942.2,3979.55,35.62855419
2019-03-20 00:00:00,3966.2,4005.56,3961.36,3998.11,23.2181254
2019-03-21 00:00:00,3998.58,4058.4,3969.9,4034.9,33.24368886
2019-03-22 00:00:00,4034.54,4056.6,3928.5,3989.78,24.51522768
2019-03-23 00:00:00,3983.88,3995.86,3976.7,3995.86,10.17489151
2019-03-24 00:00:00,3982.2,4007.23,3966.23,3982.7,9.44816252
2019-03-25 00:00:00,3987.3,4003.4,3955.13,3966.54,9.52
2019-03-26 00:00:00,3966.54,3971.9,3889.3,3909.3,2.56148524
2019-03-27 00:00:00,3909.1,3923.5,3888.12,3920.04,16.03327621
2019-03-28 00:00:00,3919.52,4031.81,3919.52,4029.36,32.60409653
2019-03-29 00:00:00,4019.8,4020.5,3999.9,4019.67,18.78995879
2019-03-30 00:00:00,4011.98,4096.38,4004.67,4091.21,25.16583613
2019-03-31 00:00:00,4086.6,4124.44,4046.8,4093.9,16.43134057
2019-04-01 00:00:00,4093.34,4098.7,4079.46,4093.4,4.38760139
2019-04-02 00:00:00,4090.1,4143.9,4061.19,4133,17.98078774
2019-04-03 00:00:00,4133,5079.8,4131.76,4901.73,142.51853913
2019-04-04 00:00:00,4901.68,5329.9,4847.3,4973.6,124.06273918
2019-04-05 00:00:00,4952.8,5063.7,4799.8,4899.41,22.75427516
2019-04-06 00:00:00,4908.7,5054.01,4903.8,5033.35,28.4442895
2019-04-07 00:00:00,5012.2,5218.21,4914.82,5048.05,35.3471171
2019-04-08 00:00:00,5063.19,5247.5,5060.4,5162.1,15.35584488
2019-04-09 00:00:00,5164.6,5329.1,5144.4,5288.32,30.29844049
2019-04-10 00:00:00,5251,5266.15,5157.2,5197.5,23.05009005
2019-04-11 00:00:00,5171.65,5448.3,5171.5,5308,27.59166731
2019-04-12 00:00:00,5315.24,5315.24,4962.15,5045,58.56051313
2019-04-13 00:00:00,5023.4,5092.08,4913.2,5080.28,12.77545717
2019-04-14 00:00:00,5088,5114.9,5037,5068.32,7.06218827
2019-04-15 00:00:00,5052.7,5213.5,5048.54,5150.78,21.39489911
2019-04-16 00:00:00,5151.31,5174.72,4960.49,5039.06,6.43345492
2019-04-17 00:00:00,5039.66,5214.47,5026.17,5205.01,27.20870587
2019-04-18 00:00:00,5204.9,5241.6,5183.58,5210.93,9.11273165
2019-04-19 00:00:00,5210.93,5302.4,5210.93,5281.7,23.19710096
2019-04-20 00:00:00,5264.9,5335.1,5204.21,5290.7,15.33857024
2019-04-21 00:00:00,5288.6,5353.9,5288.6,5290,9.83087516
2019-04-22 00:00:00,5264.2,5295,5233.8,5295,1.43511628
2019-04-23 00:00:00,5273.8,5400.6,5261.5,5395.53,35.19103722
2019-04-24 00:00:00,5377.8,5613.61,5366,5545.3,17.10530996
2019-04-25 00:00:00,5561.9,5609,5396,5451.55,10.3772802
2019-04-26 00:00:00,5424.21,5510,4995.21,5173.8,68.65585306
2019-04-27 00:00:00,5171.9,5305.7,5099,5214.4,174.4148422
2019-04-28 00:00:00,5208.2,5240.53,5145.5,5198.5,73.15597
2019-04-29 00:00:00,5206.5,5220.04,5128.7,5154.91,86.85381729
2019-04-30 00:00:00,5155.52,5231.5,5128.9,5178.9,43.63195052
2019-05-01 00:00:00,5178.9,5294.5,5142.7,5284.95,43.79201053
2019-05-02 00:00:00,5295.8,5358.47,5294.9,5317.32,15.66793397
2019-05-03 00:00:00,5340.99,5437.98,5339.39,5405.01,17.47608215
2019-05-04 00:00:00,5399.8,5795,5387,5681.25,41.34498009
2019-05-05 00:00:00,5698.29,5822.51,5510.92,5791.1,28.42290085
2019-05-06 00:00:00,5757.3,5785.57,5667,5731.5,11.55116158
2019-05-07 00:00:00,5732.07,5786.2,5567.65,5702.7,59.42905986
2019-05-08 00:00:00,5707.42,5979.6,5707.42,5766.7,44.76024676
2019-05-09 00:00:00,5772.1,5979.19,5693.7,5937.47,22.16280414
2019-05-10 00:00:00,5967.22,6160.08,5944.08,6122.3,18.43008727
2019-05-11 00:00:00,6143.12,6458.23,6143.12,6349.6,25.57975742
2019-05-12 00:00:00,6378.2,7747.07,6378.2,7248.1,129.84345187
2019-05-13 00:00:00,7252.6,7588.39,6740.9,6931.42,107.19704298
2019-05-14 00:00:00,6920.1,8138.5,6875.6,7831.3,76.61684881
2019-05-15 00:00:00,7810.3,8300,7617.2,7995.5,78.66539676
2019-05-16 00:00:00,8099.1,8258.3,7864.42,8193.1,81.31582378
2019-05-17 00:00:00,8183.2,8340.4,7689.96,7884.3,58.17566406
2019-05-18 00:00:00,7901.4,7914.54,6885.8,7374.9,180.08997905
2019-05-19 00:00:00,7373.16,7459.6,7213.9,7293.8,27.12694274
2019-05-20 00:00:00,7304.03,8270.3,7304.03,8177,105.3876353
2019-05-21 00:00:00,8165.5,8165.5,7589.5,7994.99,68.8940189
2019-05-22 00:00:00,7997.89,8091,7809.4,7949.47,40.70620986
2019-05-23 00:00:00,7948.27,8022,7511,7637.8,46.49526851
2019-05-24 00:00:00,7626.6,7965.2,7477.5,7872.4,27.08514572
2019-05-25 00:00:00,7823.98,8156.76,7823.98,7931,57.70936001
2019-05-26 00:00:00,7989.59,8135.8,7989.59,8046.14,8.39650703
2019-05-27 00:00:00,8058.96,8744.2,7893.3,8725.75,99.37218118
2019-05-28 00:00:00,8768,8901.6,8634.6,8757.6,14.34824163
2019-05-29 00:00:00,8769.3,8769.3,8514.53,8692.1,14.33145228
2019-05-30 00:00:00,8693.9,8736.5,8444.6,8654.83,23.01061963
2019-05-31 00:00:00,8648.04,9066.6,7981.6,8286.8,95.70656607
2019-06-01 00:00:00,8311.66,8567.28,8131.3,8545.1,19.32725703
2019-06-02 00:00:00,8550.9,8599.82,8471.31,8542.5,20.96921579
2019-06-03 00:00:00,8535.2,8839.1,8535.2,8727.3,19.19829225
2019-06-04 00:00:00,8671,8671,8072.4,8118.2,32.49754075
2019-06-05 00:00:00,8095.8,8095.8,7432.7,7657.4,100.1690746
2019-06-06 00:00:00,7690.5,7930.82,7593.3,7822.7,40.17955027
2019-06-07 00:00:00,7813.09,7860.8,7472.8,7797.42,19.62149632
2019-06-08 00:00:00,7820.81,8094.5,7765,8003.9,19.82448902
2019-06-09 00:00:00,8005.4,8056.3,7841.2,7938.6,5.06650262
2019-06-10 00:00:00,7922.4,7939.3,7571.3,7666.9,15.68174491
2019-06-11 00:00:00,7640.4,8057.6,7567.3,7973.5,15.86560285
2019-06-12 00:00:00,8023.6,8031.1,7715.7,7890.1,15.64967545
2019-06-13 00:00:00,7886.3,8262.4,7830.2,8149.3,26.6311589
2019-06-14 00:00:00,8173.75,8312.16,8063.9,8225.1,14.80242732
2019-06-15 00:00:00,8212,8699.52,8169.7,8698.1,11.57812147
2019-06-16 00:00:00,8658,8869.2,8611.9,8830.9,12.81543479
2019-06-17 00:00:00,8786.6,9357.1,8784.9,9074,48.32662625
2019-06-18 00:00:00,9155.03,9399.4,9122.5,9388.7,15.95811558
2019-06-19 00:00:00,9323.58,9323.58,8961.2,9162.2,12.68167388
2019-06-20 00:00:00,9108.1,9299,9059.4,9256.5,3.29440585
2019-06-21 00:00:00,9272.1,9593.4,9227.5,9539.8,10.07527339
2019-06-22 00:00:00,9512.7,10208,9512.7,10208,25.63517291
2019-06-23 00:00:00,10216.6,11179.7,10071.3,10670.31,89.43900434
2019-06-24 00:00:00,10642.88,11225.1,10489.5,10836.54,31.21282708
2019-06-25 00:00:00,10770.1,11064.8,10549.2,11005.4,14.90322921
2019-06-26 00:00:00,11005.4,11746.5,10925.4,11721.7,13.83302717
2019-06-27 00:00:00,11727.5,13808.9,11690,12954.3,158.59575239
2019-06-28 00:00:00,12967.7,13319.2,10388.7,11243.9,141.45721972
2019-06-29 00:00:00,11260.5,12451,10827,12413,48.83946269
2019-06-30 00:00:00,12343.3,12403.2,11439.3,11822.5,33.11619728
2019-07-01 00:00:00,11948,12155.6,10710.4,10710.4,28.61704421
2019-07-02 00:00:00,10794.97,11191.7,10061.8,10603.94,22.25893553
2019-07-03 00:00:00,10601.82,10913.5,9672.2,10800,19.98379367
2019-07-04 00:00:00,10868.75,11960.7,10868.75,11906.3,22.61617627
2019-07-05 00:00:00,12000,12000,11077.5,11179,16.98024297
2019-07-06 00:00:00,11179,11377,10687.9,11001.7,24.7194438
2019-07-07 00:00:00,11090.25,11679,11066.8,11181,29.37518444
2019-07-08 00:00:00,11194.2,11619.9,11116.9,11473.2,15.67985373
2019-07-09 00:00:00,11483.79,12397.1,11208.5,12332.5,12.01262707
2019-07-10 00:00:00,12318.9,12764.1,12125.5,12542.31,32.8850826
2019-07-11 00:00:00,12542,13115.59,11585.63,12150.92,29.09658967
2019-07-12 00:00:00,12131.37,12131.4,11091.4,11325.7,29.28831111
2019-07-13 00:00:00,11344.4,11921.86,11116.71,11816.22,17.66267211
2019-07-14 00:00:00,11757.29,11757.78,10876.43,11385.3,19.74178707
2019-07-15 00:00:00,11401.4,11449.55,10200,10200,19.22934268
2019-07-16 00:00:00,10153.2,11058.7,9936.9,10904.6,7.9378143
2019-07-17 00:00:00,10875.7,10932.6,9397.5,9485.7,14.12754252
2019-07-18 00:00:00,9551.5,9888.7,9100.6,9672.3,9.29309394
2019-07-19 00:00:00,9610,10748.8,9352.1,10626.7,17.29259945
2019-07-20 00:00:00,10656.2,10706.2,10230,10526.73,10.34813187
2019-07-21 00:00:00,10593.5,11098.9,10400.2,10750,18.54033029
2019-07-22 00:00:00,10715,10830.5,10337.3,10636.7,9.77928935
2019-07-23 00:00:00,10609,10666,10072.9,10355.3,6.71577659
2019-07-24 00:00:00,10316,10316,9813.32,9851.7,9.16893223
2019-07-25 00:00:00,9810.6,9915.96,9489,9809.2,20.85362802
2019-07-26 00:00:00,9771,10156.78,9771,9888.9,9.47163332
2019-07-27 00:00:00,9890.8,9892.35,9674.9,9851.45,5.3608982
2019-07-28 00:00:00,9881,10171.7,9272.3,9495.1,13.81284689
2019-07-29 00:00:00,9409.1,9608.2,9074.2,9527.2,7.87101977
2019-07-30 00:00:00,9541.58,9701.29,9365.7,9425.3,3.49546607
2019-07-31 00:00:00,9470.5,9772.43,9351.3,9628.2,6.76375938
2019-08-01 00:00:00,9599.4,10084.59,9599.4,10035.8,6.4009436
2019-08-02 00:00:00,10127.3,10450,9897.9,10422.4,5.6731899
2019-08-03 00:00:00,10343.1,10630.8,10303.8,10543.1,3.68987776
2019-08-04 00:00:00,10637.01,10886.43,10549,10800,2.80857641
2019-08-05 00:00:00,10875.6,11084.7,10609,11084.7,6.11486639
2019-08-06 00:00:00,11044.03,11888,11044.03,11780,12.0441406
2019-08-07 00:00:00,11747.8,12277.5,11215,11499.4,9.03411853
2019-08-08 00:00:00,11402.2,12146.9,11402.2,11980.5,11.14360192
2019-08-09 00:00:00,11925.4,11999,11483.3,11989.6,40.7202248
2019-08-10 00:00:00,11974.8,11991,11650.9,11835.5,27.63931191
2019-08-11 00:00:00,11855.5,11946.3,11234.1,11287.3,44.65065407
2019-08-12 00:00:00,11339.8,11576.5,11124.2,11568.4,15.36998606
2019-08-13 00:00:00,11546.8,11546.8,11220.8,11397.2,6.52877542
2019-08-14 00:00:00,11370.1,11400.6,10746.9,10874.7,27.9520979
2019-08-15 00:00:00,10852.1,10852.1,9925,10023.8,59.97611468
2019-08-16 00:00:00,10053.7,10434.7,9503.2,10301.5,131.16165941
2019-08-17 00:00:00,10298.4,10515,9739.6,10354.17,128.04982857
2019-08-18 00:00:00,10341.6,10458.1,9983.9,10201.52,47.94211216
2019-08-19 00:00:00,10250,10476.4,10099.1,10317.49,17.54744852
2019-08-20 00:00:00,10305.8,10910.5,10275,10910.5,20.85006338
2019-08-21 00:00:00,10947.7,10947.7,10547.7,10740.7,27.09922157
2019-08-22 00:00:00,10742,10781.9,9884.5,10108,63.9659966
2019-08-23 00:00:00,10097.7,10225.2,9771.4,10128.8,40.77547756
2019-08-24 00:00:00,10100.5,10442.4,10048.4,10390,26.66840508
2019-08-25 00:00:00,10393,10396.8,9937.2,10162.9,39.38764994
2019-08-26 00:00:00,10173,10325.7,9936.5,10101.2,40.01469655
2019-08-27 00:00:00,10190.4,10664.4,10164.2,10359.2,51.69370268
2019-08-28 00:00:00,10331.5,10331.5,10045.9,10188.32,14.54466547
2019-08-29 00:00:00,10165.5,10271.8,9600,9725.7,47.69738441
2019-08-30 00:00:00,9725.7,9725.7,9333.4,9501.8,26.18433247
2019-08-31 00:00:00,9497.8,9672.9,9354.1,9578.76,21.36630494
2019-09-01 00:00:00,9583.5,9666.5,9452.2,9611.8,10.92388925
2019-09-02 00:00:00,9613.5,9811.4,9552,9811.4,18.07322591
2019-09-03 00:00:00,9766.3,10442.8,9764,10366.3,26.35773571
2019-09-04 00:00:00,10408.6,10774.83,10314.6,10611.8,36.27261165
2019-09-05 00:00:00,10583.33,10777.9,10385,10579.54,43.12617886
2019-09-06 00:00:00,10515.3,10638.7,10473.1,10569.5,16.06464058
2019-09-07 00:00:00,10564.3,10919.3,10241.3,10319.1,52.62794059
2019-09-08 00:00:00,10394.29,10550,10346.3,10535.74,10.99208524
2019-09-09 00:00:00,10517.5,10581.65,10274.79,10394,21.34158676
2019-09-10 00:00:00,10413.5,10482.7,10094.8,10371.4,17.32046046
2019-09-11 00:00:00,10348.55,10348.55,9924.3,10097.6,26.10010548
2019-09-12 00:00:00,10092.5,10225.57,9885,10130.8,15.33333067
2019-09-13 00:00:00,10161.19,10423.38,10047.3,10378.5,5.35773889
2019-09-14 00:00:00,10435.1,10435.1,10164.6,10354.3,7.18134081
2019-09-15 00:00:00,10342.3,10424.7,10247.5,10372.4,2.89234367
2019-09-16 00:00:00,10344.2,10354.7,10283.8,10307.6,1.40673928
2019-09-17 00:00:00,10343,10371.6,10091.94,10320,18.82104855
2019-09-18 00:00:00,10236.93,10263.7,10158.4,10180.6,7.32780992
2019-09-19 00:00:00,10206.8,10236.7,10108.3,10156.7,8.4279876
2019-09-20 00:00:00,10150,10373.8,9651.4,10237.7,29.26323549
2019-09-21 00:00:00,10268.41,10279.9,10073.4,10170.8,9.6450481
2019-09-22 00:00:00,10155.9,10168.5,9924.4,10001.5,8.17934759
2019-09-23 00:00:00,9981.4,10108.7,9801.74,10054.2,14.29992798
2019-09-24 00:00:00,10049.9,10060.2,9646.8,9698.2,27.45164243
2019-09-25 00:00:00,9678.1,9770.4,8110,8561,90.65967084
2019-09-26 00:00:00,8582.3,8741.7,8255.6,8600.21,51.61250721
2019-09-27 00:00:00,8452.2,8452.2,7765.6,8074.6,64.36234258
2019-09-28 00:00:00,8079.3,8278.3,7879.1,8206.1,45.66606843
2019-09-29 00:00:00,8222.6,8315.8,8050,8192.5,48.4354992
2019-09-30 00:00:00,8229.2,8238.6,7931.7,8072.2,29.18603036
2019-10-01 00:00:00,8050,8341.2,7747,8248,44.2482972
2019-10-02 00:00:00,8310.1,8508.3,8200.2,8363.6,25.28761507
2019-10-03 00:00:00,8335.1,8372.74,8186.48,8372.74,6.33280955
2019-10-04 00:00:00,8397.86,8408.9,8112.9,8249.9,25.43622011
2019-10-05 00:00:00,8218.9,8229.3,8038.3,8172.3,23.31299041
2019-10-06 00:00:00,8157.8,8174,8052.9,8143,15.34078979
2019-10-07 00:00:00,8159.9,8167.6,7825,7879.71,31.72860371
2019-10-08 00:00:00,7843,8278.1,7800,8204.6,22.61930247
2019-10-09 00:00:00,8208.7,8315.4,8110.4,8220.7,16.70247639
2019-10-10 00:00:00,8193.5,8658.8,8129,8580,45.09254454
2019-10-11 00:00:00,8580,8644,8457.4,8583.67,22.08129018
2019-10-12 00:00:00,8534,8779.1,8267.2,8272.2,67.45124688
2019-10-13 00:00:00,8300,8403,8300,8325,9.59618645
2019-10-14 00:00:00,8315,8460,8184.1,8321.63,16.33957464
2019-10-15 00:00:00,8282.2,8377,8223.1,8327.1,11.96467633
2019-10-16 00:00:00,8368.93,8398.7,8114.3,8125,23.45044095
2019-10-17 00:00:00,8149.38,8181.7,7932.6,8011,20.53850185
2019-10-18 00:00:00,7966.2,8105.2,7943.7,8070.8,6.22301109
2019-10-19 00:00:00,8090.2,8114.7,7836.2,7957.5,13.85939408
2019-10-20 00:00:00,7961.4,8075.4,7905.7,7948.37,24.06736137
2019-10-21 00:00:00,7943.92,8264.7,7902.6,8190.3,13.59802066
2019-10-22 00:00:00,8222.5,8325.74,8170.1,8214.3,13.69025532
2019-10-23 00:00:00,8192.75,8296.5,8000,8019.6,9.79053571
2019-10-24 00:00:00,8017,8050,6737.3,7461.4,117.75228517
2019-10-25 00:00:00,7478.9,7498,7357.4,7442.4,8.65499069
2019-10-26 00:00:00,7442.3,8730.1,7442.3,8660.9,56.20583196
2019-10-27 00:00:00,8658.4,10289,8643.4,9205.3,207.28327223
2019-10-28 00:00:00,9250,9680.7,9102.3,9533,20.40779205
2019-10-29 00:00:00,9546.9,9851.2,9214.2,9214.2,28.61135332
2019-10-30 00:00:00,9250.73,9519.2,9109.1,9415.1,29.12239082
2019-10-31 00:00:00,9399.1,9412.7,9000,9210.92,21.58913876
2019-11-01 00:00:00,9173.4,9410.3,8955.9,9145.33,59.69679364
2019-11-02 00:00:00,9137.9,9274.2,9081.4,9228.5,18.31834707
2019-11-03 00:00:00,9244.38,9362.8,9220.98,9293.7,10.84489028
2019-11-04 00:00:00,9363.7,9363.7,9093.7,9213.9,4.56895681
2019-11-05 00:00:00,9164.6,9497.8,9146.36,9410,7.98685818
2019-11-06 00:00:00,9390.3,9390.3,9162.5,9322.67,21.57405439
2019-11-07 00:00:00,9297.8,9398,9267.5,9346.7,4.36861052
2019-11-08 00:00:00,9312,9312,9091,9215.5,10.46106128
2019-11-09 00:00:00,9206.3,9224.1,8689.7,8793.7,48.24180882
2019-11-10 00:00:00,8737.4,8861.4,8737.4,8815.3,5.08402483
2019-11-11 00:00:00,8781.75,9083.8,8774.5,9036.3,24.76969384
2019-11-12 00:00:00,9036.82,9055.2,8579.3,8714,17.45633983
2019-11-13 00:00:00,8712.81,8865.2,8577.6,8780.2,35.07444266
2019-11-14 00:00:00,8801.9,8826,8694.7,8775.6,12.04046024
2019-11-15 00:00:00,8771.46,8771.63,8570.7,8647.9,4.97601256
2019-11-16 00:00:00,8579.2,8750.4,8393.5,8468,41.93830485
2019-11-17 00:00:00,8457.3,8517.9,8433.2,8485.1,6.22282442
2019-11-18 00:00:00,8484.14,8611.8,8380.1,8500.3,16.53993501
2019-11-19 00:00:00,8503.2,8503.2,6200,8192.6,40.44439186
2019-11-20 00:00:00,8184,8194.9,8011.6,8125,5.45741057
2019-11-21 00:00:00,8102.4,8206.7,8052.11,8081.9,10.1622222
2019-11-22 00:00:00,8074.1,8103,7432.18,7619.1,55.16134506
2019-11-23 00:00:00,7641.96,7700.63,6802,7285,236.04521331
2019-11-24 00:00:00,7260.5,7351.7,7112.3,7331.7,28.32491663
2019-11-25 00:00:00,7320.8,7320.8,6891.4,6893.8,107.75376923
2019-11-26 00:00:00,6918.7,7355.8,6540.3,7122.7,168.46105637
2019-11-27 00:00:00,7121.93,7293.81,7039,7164.8,31.79700737
2019-11-28 00:00:00,7158.6,7651.7,6858.5,7528.9,108.66511642
2019-11-29 00:00:00,7536.1,7653.4,7387.7,7442.73,25.36937424
2019-11-30 00:00:00,7440.7,7842.4,7430.3,7750.5,48.28749526
2019-12-01 00:00:00,7744.8,7792.5,7451,7562.7,35.16559756
2019-12-02 00:00:00,7527.3,7527.3,7258.4,7413,26.68367935
2019-12-03 00:00:00,7401.9,7409.4,7172.3,7314.7,29.25818713
2019-12-04 00:00:00,7334.8,7416.7,7248.5,7272.08,52.80863448
2019-12-05 00:00:00,7280.9,7685.8,7083.2,7201.5,97.94411237
2019-12-06 00:00:00,7194,7480,7163.6,7394.6,64.05458238
2019-12-07 00:00:00,7372.7,7543.5,7323.3,7527.29,29.61166928
2019-12-08 00:00:00,7529.31,7594.6,7496.8,7520.5,13.6721626
2019-12-09 00:00:00,7496.8,7564.5,7401.4,7564.5,6.17663694
2019-12-10 00:00:00,7506.8,7594,7303.7,7346.4,36.82859836
2019-12-11 00:00:00,7328.8,7375.7,7170.2,7248.4,21.9914675
2019-12-12 00:00:00,7237.7,7261.81,7141.7,7199.66,15.13483524
2019-12-13 00:00:00,7208.1,7259.3,7093.6,7191.1,31.70387534
2019-12-14 00:00:00,7192.09,7280.64,7174.1,7247.6,7.27354213
2019-12-15 00:00:00,7237.58,7260.6,6986.6,7078.5,8.66708953
2019-12-16 00:00:00,7051.3,7166,7020.31,7105.5,25.53177176
2019-12-17 00:00:00,7105.5,7122.97,6809.5,6892.2,45.54810686
2019-12-18 00:00:00,6892.4,6905.35,6560.2,6560.2,42.47497176
2019-12-19 00:00:00,6615.33,7386.3,6441.6,7286.37,141.08794094
2019-12-20 00:00:00,7293.42,7353,7035.2,7131.1,95.47446999
2019-12-21 00:00:00,7133.16,7214,7068.4,7179.5,20.45126491
2019-12-22 00:00:00,7173.2,7174.3,7124.2,7132.7,1.27407573
2019-12-23 00:00:00,7150.8,7500,7150.8,7500,33.18161134
2019-12-24 00:00:00,7502.6,7672.4,7287.9,7332.83,62.71293153
2019-12-25 00:00:00,7307.3,7412.6,7177.1,7221.7,26.8003203
2019-12-26 00:00:00,7237,7259.6,7138.5,7207.1,11.43855257
2019-12-27 00:00:00,7182.4,7407.36,7175.5,7181.2,33.18976346
2019-12-28 00:00:00,7204.35,7241.2,7066.6,7236.02,20.06365649
2019-12-29 00:00:00,7236.48,7339,7236.48,7295.1,3.22110513
2019-12-30 00:00:00,7291.4,7498.9,7280,7394.3,8.047794
2019-12-31 00:00:00,7343.6,7343.6,7213,7231.11,7.23768463
2020-01-01 00:00:00,7214.9,7291.9,7131.5,7171.1,18.73794747
2020-01-02 00:00:00,7165.9,7232.2,7165.2,7178.82,6.06188393
2020-01-03 00:00:00,7186.8,7187.8,6900.82,6950,30.34103668
2020-01-04 00:00:00,6940.7,7384.4,6869,7304.7,56.26153685
2020-01-05 00:00:00,7326.61,7381.38,7279.4,7345.41,7.56621388
2020-01-06 00:00:00,7367.45,7480.1,7327.3,7333.01,13.69200079
2020-01-07 00:00:00,7355.01,7785.4,7355.01,7775.26,37.03067547
2020-01-08 00:00:00,7758.1,8205.2,7733.7,8176.8,87.068802
2020-01-09 00:00:00,8195.9,8449.8,7874.4,8035,138.62667743
2020-01-10 00:00:00,8044.4,8044.4,7756.9,7824.9,65.60263637
2020-01-11 00:00:00,7824.9,8173.1,7660,8165.9,107.96104356
2020-01-12 00:00:00,8173.2,8240.47,8000,8000,45.38582842
2020-01-13 00:00:00,7989.6,8148.21,7972.6,8148.21,5.91574103
2020-01-14 00:00:00,8148.21,8148.21,8015.8,8082,15.20364083
2020-01-15 00:00:00,8080.9,8838.9,8080.9,8807.9,291.02926224
2020-01-16 00:00:00,8801.8,8875.2,8555.3,8792.7,381.24098295
2020-01-17 00:00:00,8786.56,8825,8592.2,8720,97.20634565
2020-01-18 00:00:00,8712.7,8979.3,8664.8,8918.6,139.10214167
2020-01-19 00:00:00,8890.8,8960,8822.8,8944.43,16.99893309
2020-01-20 00:00:00,8886.23,9168,8459.6,8703.2,217.20404606
2020-01-21 00:00:00,8710.03,8714.8,8551.6,8629.5,12.48186734
2020-01-22 00:00:00,8636.4,8749.2,8513,8729.3,35.71118943
2020-01-23 00:00:00,8709.29,8776,8567.13,8640,17.0399921
2020-01-24 00:00:00,8645.6,8645.6,8295.8,8395,32.15404269
2020-01-25 00:00:00,8384.9,8500,8240.55,8414.9,23.3191127
2020-01-26 00:00:00,8407.4,8407.4,8266,8347.4,5.97098147
2020-01-27 00:00:00,8327.8,8587.4,8300,8582.3,12.9343654
2020-01-28 00:00:00,8599.8,8979.72,8579.8,8887.5,20.00757075
2020-01-29 00:00:00,8917.63,9402,8903.3,9367.9,107.15842775
2020-01-30 00:00:00,9362.4,9407,9238,9288.7,161.48473035
2020-01-31 00:00:00,9279.3,9531.3,9175.8,9484.11,307.84014321
2020-02-01 00:00:00,9484.11,9488.6,9215.5,9339.8,66.03801214
2020-02-02 00:00:00,9357.5,9441,9297.6,9383.7,13.67574014
2020-02-03 00:00:00,9359.7,9450.2,9149.8,9340.5,42.49553652
2020-02-04 00:00:00,9316.4,9588.2,9230.46,9277.8,77.69545189
2020-02-05 00:00:00,9302.02,9345,9082.4,9166.64,56.6443465
2020-02-06 00:00:00,9170.03,9731.2,9160,9598.3,113.18473095
2020-02-07 00:00:00,9599.7,9846.6,9531.5,9738.9,157.47395744
2020-02-08 00:00:00,9743.6,9856.9,9724.7,9814.7,69.86462642
2020-02-09 00:00:00,9806.7,9926.3,9668.5,9908,59.66223286
2020-02-10 00:00:00,9910.5,10125.5,9910.5,10125.5,13.9897038
2020-02-11 00:00:00,10140,10171.2,9775.7,9884.1,73.06541834
2020-02-12 00:00:00,9843.45,10322.2,9704.85,10258.3,224.55176908
2020-02-13 00:00:00,10258.3,10456.7,10244.4,10351.6,145.59716404
2020-02-14 00:00:00,10343.9,10479.8,10071.6,10243.5,295.89514809
2020-02-15 00:00:00,10238.2,10384.3,10110.05,10341.5,131.9831854
2020-02-16 00:00:00,10372.52,10377.7,9803,9896.4,58.39845963
2020-02-17 00:00:00,9905.2,10050.3,9659.2,9933.8,67.76049026
2020-02-18 00:00:00,9933,9972.9,9485.3,9708.8,105.27662361
2020-02-19 00:00:00,9709.2,10251.9,9626.9,10177,73.68384891
2020-02-20 00:00:00,10192.2,10268.3,9339.2,9612.4,154.69942267
2020-02-21 00:00:00,9590.5,9677.9,9342.6,9601,104.25278191
2020-02-22 00:00:00,9601,9750,9556.12,9669,48.15108588
2020-02-23 00:00:00,9720,9728.5,9568.4,9670.2,76.69047024
2020-02-24 00:00:00,9663.6,9984.3,9661.19,9966.7,51.09980304
2020-02-25 00:00:00,9970.2,9987.4,9499.5,9672,66.19702797
2020-02-26 00:00:00,9658,9663.5,9249.7,9305.5,84.84649006
2020-02-27 00:00:00,9307.5,9359,8649.5,8789.7,186.27497986
2020-02-28 00:00:00,8786.3,8968,8490.4,8802.4,190.03677587
2020-02-29 00:00:00,8805.2,8892.2,8441.1,8767,204.9176763
2020-03-01 00:00:00,8742,8802.2,8553.4,8553.4,43.54496236
2020-03-02 00:00:00,8541.1,8764.2,8463.3,8546.1,183.39269963
2020-03-03 00:00:00,8546.6,8979.3,8503.7,8915.5,86.0150225
2020-03-04 00:00:00,8923,8924.49,8686.1,8775.2,112.34954812
2020-03-05 00:00:00,8773,8851,8660.9,8762.9,86.53568762
2020-03-06 00:00:00,8766.5,9181,8766,9066.1,89.39192003
2020-03-07 00:00:00,9056,9182.3,9010.2,9154.13,65.71506165
2020-03-08 00:00:00,9160.8,9226.96,8877.2,8926.1,66.21272639
2020-03-09 00:00:00,8917.2,8917.2,7979.59,8051,361.69793462
2020-03-10 00:00:00,8049.7,8163.3,7661.17,7945.4,470.03788939
2020-03-11 00:00:00,7948.4,8183.7,7776.7,7902.1,362.90019182
2020-03-12 00:00:00,7889.7,7990,7587.48,7963.3,303.89920818
2020-03-13 00:00:00,7948.1,7954.7,4082.3,4896.2,890.00647979
2020-03-14 00:00:00,4853.8,6088.7,3500,5402.6,497.8393937
2020-03-15 00:00:00,5637.3,5689.6,5000,5207.8,122.04224949
2020-03-16 00:00:00,5200.7,5860.9,5185.8,5410.3,142.62587878
2020-03-17 00:00:00,5410.3,5449.1,4810.3,5080.1,437.23092942
2020-03-18 00:00:00,5087.97,5530.4,5005.8,5368.08,327.94531833
2020-03-19 00:00:00,5368.08,5458.3,5065.8,5412.2,394.61702436
2020-03-20 00:00:00,5436.7,6414.5,5296.2,6205.61,521.29166937
2020-03-21 00:00:00,6205.61,6896.62,5706.4,6210.8,442.99660962
2020-03-22 00:00:00,6201.1,6441.5,5879.2,6193.8,174.99334028
2020-03-23 00:00:00,6185.6,6389.54,5763.4,5828.79,171.0844849
2020-03-24 00:00:00,5825,6605.77,5690.7,6482.3,144.28813993
2020-03-25 00:00:00,6493.6,6803.9,6408.1,6758.6,157.53492416
2020-03-26 00:00:00,6756.3,6945.4,6489.33,6681,371.07062606
2020-03-27 00:00:00,6680,6775.3,6543.1,6750.4,189.49500143
2020-03-28 00:00:00,6752.31,6860.8,6298.6,6382.9,216.71906003
2020-03-29 00:00:00,6365.9,6365.9,6045.3,6264.6,404.20351416
2020-03-30 00:00:00,6283.9,6283.9,5885.5,5908.9,186.16323995
2020-03-31 00:00:00,5904.8,6590.7,5870.9,6398.3,348.40039561
2020-04-01 00:00:00,6398.4,6520.7,6359.5,6421.9,117.70601407
2020-04-02 00:00:00,6419.8,6693.32,6176,6649.8,352.27833405
2020-04-03 00:00:00,6661.9,7230.3,6573.2,6810,479.56917167
2020-04-04 00:00:00,6795.3,7030.7,6617.2,6748.76,319.99843104
2020-04-05 00:00:00,6719.4,6981.9,6676.35,6859.9,269.63072868
2020-04-06 00:00:00,6863.2,6889.6,6685.2,6774.5,128.73082405
2020-04-07 00:00:00,6774.5,7341,6765.73,7318.4,230.27130782
2020-04-08 00:00:00,7319.4,7448.76,7086.4,7195,189.3699924
2020-04-09 00:00:00,7195.2,7403.9,7162.1,7368.3,215.0273243
2020-04-10 00:00:00,7342.3,7368.13,7122.8,7290.1,87.74648795
2020-04-11 00:00:00,7275.8,7292.9,6761.2,6880.1,204.95737269
2020-04-12 00:00:00,6880.1,6937.1,6779.6,6876.75,75.80907822
2020-04-13 00:00:00,6900,7192,6796.02,6919.5,135.9185646
2020-04-14 00:00:00,6900,6907.4,6594.1,6860.41,315.41005227
2020-04-15 00:00:00,6859.5,6983.1,6789,6884.5,148.1390826
2020-04-16 00:00:00,6866.6,6931.96,6612.5,6634.55,74.37701435
2020-04-17 00:00:00,6611,7184.5,6490.06,7104.3,365.65757931
2020-04-18 00:00:00,7111.5,7147.06,7021.2,7045.47,91.13141441
2020-04-19 00:00:00,7047.3,7278.2,7047.3,7247.2,71.00802492
2020-04-20 00:00:00,7253,7253,7067.6,7130.7,36.28100651
2020-04-21 00:00:00,7131.54,7220.2,6758.8,6835.29,159.93143218
2020-04-22 00:00:00,6820.4,6939.06,6789.38,6854.34,109.49581062
2020-04-23 00:00:00,6841,7159.7,6833.33,7123,83.680137
2020-04-24 00:00:00,7134.9,7696.3,7032.3,7455.8,284.45558704
2020-04-25 00:00:00,7484.75,7586.2,7432.9,7512.86,57.03051592
2020-04-26 00:00:00,7499.9,7695.3,7447.2,7535.02,92.59613196
2020-04-27 00:00:00,7547,7709.5,7520.1,7691.2,94.47951927
2020-04-28 00:00:00,7692.6,7797.19,7657,7794.1,83.4700802
2020-04-29 00:00:00,7789.9,7789.9,7678.2,7773.48,18.18575978
2020-04-30 00:00:00,7758,8940.4,7719.2,8781.28,440.56429569
2020-05-01 00:00:00,8790.8,9468.9,8411.5,8617.6,649.90702223
2020-05-02 00:00:00,8612.27,9059.9,8612.27,8820.8,191.58117481
2020-05-03 00:00:00,8815.5,9002.6,8771,8980,60.78376671
2020-05-04 00:00:00,8980,9174,8761.6,8885.2,192.31681781
2020-05-05 00:00:00,8944.2,8946.7,8551.7,8884,122.99201139
2020-05-06 00:00:00,8907.8,9099.52,8810.2,9022.33,104.41445494
2020-05-07 00:00:00,9016.9,9395.39,8906.91,9145,208.86184881
2020-05-08 00:00:00,9137.1,10049.1,9059.6,9983.9,342.54127882
2020-05-09 00:00:00,9988.9,10018,9740.1,9825.2,142.4899639
2020-05-10 00:00:00,9806.5,9907.3,9511.7,9526.5,113.17813389
2020-05-11 00:00:00,9545.8,9545.8,8144.9,8752.52,601.15641835
2020-05-12 00:00:00,8752.52,9170.79,8172,8581.05,795.11928656
2020-05-13 00:00:00,8554.8,8974.3,8541.3,8823.19,260.35651379
2020-05-14 00:00:00,8798.6,9391.1,8798.6,9304.5,217.94029664
2020-05-15 00:00:00,9317.7,9921.2,9278.99,9763.1,270.687254
2020-05-16 00:00:00,9781.2,9829.6,9161.7,9304.73,269.64304238
2020-05-17 00:00:00,9302.6,9588.3,9217.56,9368.5,121.58937177
2020-05-18 00:00:00,9364.01,9849.3,9325.6,9661,162.87553895
2020-05-19 00:00:00,9666.02,9921.9,9472.75,9704.12,137.91688764
2020-05-20 00:00:00,9688.05,9849.4,9472.5,9770.45,129.40135041
2020-05-21 00:00:00,9765.34,9823.63,9309.95,9518.42,155.08692827
2020-05-22 00:00:00,9518.42,9567.2,8815.18,9003.1,220.19619735
2020-05-23 00:00:00,9061.28,9264.33,8933.2,9154.4,101.59853552
2020-05-24 00:00:00,9210.5,9286.6,9098.7,9174.3,31.0504281
2020-05-25 00:00:00,9165.9,9293.88,8700.6,8728.2,105.05287804
2020-05-26 00:00:00,8706.4,8958.3,8651,8889.4,86.28076699
2020-05-27 00:00:00,8881.9,8994.09,8699.2,8839.3,58.93481717
2020-05-28 00:00:00,8841.31,9210,8794.8,9195.6,48.50144011
2020-05-29 00:00:00,9168.3,9596.93,9100,9562.7,101.95430127
2020-05-30 00:00:00,9579.29,9586.99,9335.9,9414.8,105.5374472
2020-05-31 00:00:00,9414.8,9719.7,9332.4,9673.6,127.54970493
2020-06-01 00:00:00,9675.5,9677.6,9373.6,9449.53,64.49741225
2020-06-02 00:00:00,9431.18,10219.99,9416.1,10183.97,114.1702867
2020-06-03 00:00:00,10203.1,10203.1,9316.4,9521.89,148.41272393
2020-06-04 00:00:00,9492.5,9661.75,9407.9,9604.2,53.92206879
2020-06-05 00:00:00,9643.23,9803.2,9491.6,9767.12,20.26081304
2020-06-06 00:00:00,9765.64,9811.5,9564.2,9611.78,13.75056487
2020-06-07 00:00:00,9611.78,9726.9,9511,9644.76,12.37284815
2020-06-08 00:00:00,9643.99,9747.1,9364.88,9718.83,33.27788662
2020-06-09 00:00:00,9716.63,9793.77,9651.63,9780.21,12.11285998
2020-06-10 00:00:00,9801.5,9839.72,9600,9772.18,64.70809833
2020-06-11 00:00:00,9769.91,9999.3,9716.21,9891.03,84.5229053
2020-06-12 00:00:00,9889.8,9970.4,9070,9267.7,153.25447535
2020-06-13 00:00:00,9250.3,9521.6,9246.8,9441.06,40.18620116
2020-06-14 00:00:00,9475.5,9476.1,9359.9,9454.71,22.90403752
2020-06-15 00:00:00,9455.14,9455.14,9244,9332.18,94.86412073
2020-06-16 00:00:00,9329.42,9562.18,8955.3,9458.68,381.16774133
2020-06-17 00:00:00,9423.17,9587.3,9384.23,9512.62,57.97377208
2020-06-18 00:00:00,9515.94,9519.72,9260.68,9427.1,22.05300888
2020-06-19 00:00:00,9427.1,9457.04,9274.4,9380.87,37.60805283
2020-06-20 00:00:00,9372.91,9410.3,9237.7,9283.08,84.07824189
2020-06-21 00:00:00,9316.14,9373.7,9155.11,9353.97,64.59151413
2020-06-22 00:00:00,9371.8,9413.5,9279.24,9279.24,23.75911996
2020-06-23 00:00:00,9275.75,9735.2,9275.75,9668.8,77.42182334
2020-06-24 00:00:00,9680.4,9705.6,9562.69,9602.07,18.55363989
2020-06-25 00:00:00,9616.81,9670,9224.8,9289.48,59.69213994
2020-06-26 00:00:00,9274.73,9318.54,9005.8,9251.47,46.18009852
2020-06-27 00:00:00,9224.21,9281.54,9045.48,9154.37,116.97412745
2020-06-28 00:00:00,9149.3,9182.69,8854.36,9016.25,66.7857504
2020-06-29 00:00:00,9009.9,9186.34,8954.6,9119.5,30.90884625
2020-06-30 00:00:00,9123.5,9217.34,9020.1,9176.99,61.86969535
2020-07-01 00:00:00,9157.69,9188.8,9078.3,9140.36,32.12414575
2020-07-02 00:00:00,9112.88,9279.35,9095.44,9231.23,50.09570483
2020-07-03 00:00:00,9236.58,9254.82,8972.4,9096.1,45.73101674
2020-07-04 00:00:00,9085.7,9129.8,9058.08,9063.9,24.28062147
2020-07-05 00:00:00,9064.3,9188.3,9057.1,9130.4,8.27240102
2020-07-06 00:00:00,9136.6,9138.28,8944.01,9073.74,20.11671933
2020-07-07 00:00:00,9068.1,9350.2,9063.6,9335.92,31.20983015
2020-07-08 00:00:00,9327.6,9359.6,9191.8,9243.3,44.69759867
2020-07-09 00:00:00,9257.23,9453.02,9233.4,9417.11,34.04057506
2020-07-10 00:00:00,9401.81,9408.1,9174.39,9236.87,18.45988865
2020-07-11 00:00:00,9222.52,9303.3,9137.5,9281.12,25.78233206
2020-07-12 00:00:00,9291.91,9291.91,9194.32,9242.77,6.97976617
2020-07-13 00:00:00,9264.4,9340.28,9171.32,9281.74,42.00886693
2020-07-14 00:00:00,9275.73,9337.25,9201.58,9234.33,36.45531831
2020-07-15 00:00:00,9227.1,9281.4,9138.36,9258.91,45.33456102
2020-07-16 00:00:00,9261.15,9273.8,9175.76,9227.75,15.44069532
2020-07-17 00:00:00,9187.22,9225.28,9046.49,9125.62,20.60927491
2020-07-18 00:00:00,9140.49,9188.2,9091.9,9164.1,12.48414137
2020-07-19 00:00:00,9141.7,9198.46,9132.99,9176.7,34.52196101
2020-07-20 00:00:00,9167.7,9232.8,9128,9225.77,18.09333276
2020-07-21 00:00:00,9204.7,9206.68,9153.13,9168.12,10.27313333
2020-07-22 00:00:00,9166.27,9434.11,9166.27,9375.7,68.18756359
2020-07-23 00:00:00,9388.36,9544.94,9183.1,9515.08,98.05621088
2020-07-24 00:00:00,9529.87,9621.7,9468.1,9605.33,75.68957927
2020-07-25 00:00:00,9577.4,9624.14,9378.9,9553.5,69.26180965
2020-07-26 00:00:00,9549.75,9722.31,9549.75,9694.79,45.41862675
2020-07-27 00:00:00,9701.34,10131.74,9656.32,9919.49,70.69622722
2020-07-28 00:00:00,9919.49,11371,8951,10983.7,759.96544181
2020-07-29 00:00:00,11032.6,11224.2,10579.6,10939.4,554.10824373
2020-07-30 00:00:00,10975.1,11328.4,10851,11109.56,259.13781579
2020-07-31 00:00:00,11071.3,11184.48,10883.6,11122.62,158.48310668
2020-08-01 00:00:00,11107.22,11466.98,10985.78,11331.2,164.90902432
2020-08-02 00:00:00,11365.19,11874.4,11246.8,11794.8,100.06869723
2020-08-03 00:00:00,11843.83,12117.93,10838.6,11078.6,303.30244076
2020-08-04 00:00:00,11081.2,11478.03,10991.6,11244.3,43.82987603
2020-08-05 00:00:00,11246.82,11415.87,11037.4,11201.7,24.05345584
2020-08-06 00:00:00,11129.9,11786.17,11110.6,11742.18,47.30070836
2020-08-07 00:00:00,11734.93,11892.5,11583.1,11778.8,118.67116886
2020-08-08 00:00:00,11786.1,11899.15,9500,11587.52,181.5757689
2020-08-09 00:00:00,11608.29,11803.22,11553.95,11776.19,57.41203588
2020-08-10 00:00:00,11792.69,11795,11548.42,11669.5,27.1424019
2020-08-11 00:00:00,11720.4,12072.25,11500.01,11818.18,157.04383626
2020-08-12 00:00:00,11866.43,11936,11150,11400.1,213.84810486
2020-08-13 00:00:00,11390.8,11617.82,11200,11549.96,125.86951663
2020-08-14 00:00:00,11547.99,11788.4,11305.74,11776.5,109.59975885
2020-08-15 00:00:00,11779.85,11854.21,11662.43,11721.6,76.58718498
2020-08-16 00:00:00,11810.3,11971.49,11703.54,11888.66,47.37490638
2020-08-17 00:00:00,11836.72,11920.1,11710,11904.58,15.64819414
2020-08-18 00:00:00,11921.13,12438.2,11792.4,12304.74,76.42171278
2020-08-19 00:00:00,12347.35,12395.3,11899.2,11973.86,266.08508432
2020-08-20 00:00:00,11967.1,12012.75,11598.2,11748.17,175.86578613
2020-08-21 00:00:00,11796.7,11884.6,11696.42,11881.74,28.29828165
2020-08-22 00:00:00,11867.5,11868.1,11506.4,11522.2,134.00577157
2020-08-23 00:00:00,11532,11673.5,11400.01,11673.5,65.4715935
2020-08-24 00:00:00,11689.6,11711.93,11546.44,11687.94,32.29707281
2020-08-25 00:00:00,11627.3,11822.19,11618.5,11761.2,20.65770698
2020-08-26 00:00:00,11762.5,11762.5,11138.17,11361.01,134.48065912
2020-08-27 00:00:00,11301.4,11483,11281.87,11447.61,60.03659138
2020-08-28 00:00:00,11352.44,11571.3,11140.3,11334.81,56.04054254
2020-08-29 00:00:00,11334.4,11541.8,11333.62,11520.47,29.74800971
2020-08-30 00:00:00,11538.64,11568.9,11444.2,11478.6,11.77948852
2020-08-31 00:00:00,11522.69,11710.67,11517.7,11704.72,13.62791
2020-09-01 00:00:00,11726,11767.1,11592.71,11692.2,8.04623664
2020-09-02 00:00:00,11663.79,12045.5,11551.47,11918,30.15049945
2020-09-03 00:00:00,11916.96,11947.34,11200.02,11453.7,64.50098735
2020-09-04 00:00:00,11443.8,11472.3,10000,10219.5,157.18968097
2020-09-05 00:00:00,10189.5,10651.7,10048.2,10497,193.72013703
2020-09-06 00:00:00,10497,10582.49,9950,10149.09,245.30255823
2020-09-07 00:00:00,10170.4,10372.49,10063.6,10308.3,35.74983417
2020-09-08 00:00:00,10297.5,10382.2,9909.74,10366.07,56.21406735
2020-09-09 00:00:00,10439.3,10439.3,9870.55,10100.71,62.79574431
2020-09-10 00:00:00,10114.7,10320.21,9996.1,10235.59,14.07166482
2020-09-11 00:00:00,10286.77,10484.32,10263.5,10358.71,14.13402134
2020-09-12 00:00:00,10371.24,10409.32,10232.72,10408.32,19.36222681
2020-09-13 00:00:00,10361.6,10477.88,10289.9,10446.2,33.01578031
2020-09-14 00:00:00,10443.53,10571.8,10234.3,10340.8,68.80682251
2020-09-15 00:00:00,10338.1,10740.97,10278.1,10670.49,32.07245278
2020-09-16 00:00:00,10703.18,10940.07,10643.6,10781.5,40.13366386
2020-09-17 00:00:00,10793.11,11094.69,10678.41,10965.4,42.28970752
2020-09-18 00:00:00,10956.4,11042.2,10757.67,10947.82,155.21136507
2020-09-19 00:00:00,10956.5,11024.9,10831.8,10906.32,18.00156707
2020-09-20 00:00:00,10944.36,11162.1,10904.67,11068.3,11.4658207
2020-09-21 00:00:00,11068.17,11068.17,10765.6,10940.79,39.8095817
2020-09-22 00:00:00,10914.2,10979.44,10325.35,10439.69,117.38608796
2020-09-23 00:00:00,10440.15,10563.37,10371.77,10513.23,23.02941828
2020-09-24 00:00:00,10530.35,10530.35,10152.45,10245.86,35.55325295
2020-09-25 00:00:00,10247.67,10782.4,10203.7,10742.13,26.05176805
2020-09-26 00:00:00,10741.63,10742.38,10564.88,10687.99,23.31080696
2020-09-27 00:00:00,10710.7,10815.18,10663.24,10747.59,25.07744079
2020-09-28 00:00:00,10738.8,10807.18,10609.96,10780.36,33.41077784
2020-09-29 00:00:00,10821.04,10955.04,10653.29,10698.71,41.72266693
2020-09-30 00:00:00,10692.4,10848.19,10652.81,10848.19,24.90121224
2020-10-01 00:00:00,10827.92,10827.92,10673.84,10782.6,49.04074949
2020-10-02 00:00:00,10818.08,10916.3,10465.2,10631.46,78.49020429
2020-10-03 00:00:00,10644.15,10658.5,10389.7,10571.62,84.06662585
2020-10-04 00:00:00,10564.55,10598.53,10508.8,10558.3,36.85778271
2020-10-05 00:00:00,10550.9,10693.26,10540.3,10680.99,60.05569296
2020-10-06 00:00:00,10683.51,10785.6,10642.76,10785.5,36.15803937
2020-10-07 00:00:00,10786.18,10786.18,10535.74,10569.16,78.30242106
2020-10-08 00:00:00,10597.43,10669.22,10569.02,10663.99,55.35109356
2020-10-09 00:00:00,10659,10952.4,10551.11,10926.1,51.6830017
2020-10-10 00:00:00,10938.33,11091.7,10842.5,11068.17,52.89289394
2020-10-11 00:00:00,11068.41,11469.9,11068.41,11297.29,163.48125185
2020-10-12 00:00:00,11296.89,11417.1,11280.9,11383.9,81.48402957
2020-10-13 00:00:00,11363.1,11726.6,11216.3,11546.95,46.86719353
2020-10-14 00:00:00,11549.2,11560.12,11335,11452.13,107.16208619
2020-10-15 00:00:00,11418.92,11532.4,11309.29,11427.94,49.94154361
2020-10-16 00:00:00,11433.63,11603.7,11274.3,11487.39,113.88249748
2020-10-17 00:00:00,11503.91,11537.89,11225.1,11327.5,47.30489336
2020-10-18 00:00:00,11333.1,11402.5,11281.12,11370.34,7.3770073
2020-10-19 00:00:00,11362.69,11514.59,11362.69,11514.59,7.05766987
2020-10-20 00:00:00,11524.94,11820,11433.42,11749.05,69.37454186
2020-10-21 00:00:00,11749.76,12041.08,11695.8,11917.17,51.55979351
2020-10-22 00:00:00,11966.12,13250.84,11966.12,12855.1,154.33146597
2020-10-23 00:00:00,12850,13183.3,12716.7,12994,48.39559654
2020-10-24 00:00:00,12981,13015.94,12738.7,12960.09,84.68788593
2020-10-25 00:00:00,12932.1,13162.39,12894,13117.8,35.68516616
2020-10-26 00:00:00,13117.79,13358.96,12910.35,13041,91.66403115
2020-10-27 00:00:00,13030.18,13231.3,12807.8,13093.29,58.95163056
2020-10-28 00:00:00,13091.16,13839.63,13075,13654.51,60.97625389
2020-10-29 00:00:00,13550.11,13903.83,12502.59,13292.56,18.40126876
2020-10-30 00:00:00,13298.2,13579.67,13000,13475,13.99305576
2020-10-31 00:00:00,13457.78,13652.93,13178.51,13600,11.1719144
2020-11-01 00:00:00,13574.64,14041.64,13463.83,13825.25,20.19297829
2020-11-02 00:00:00,13796.74,13865.55,13631.04,13729.1,20.37414379
2020-11-03 00:00:00,13836.76,13857.48,13337.67,13568.12,5.05136668
2020-11-04 00:00:00,13525.01,14090,13326.56,13984.55,14.74901241
2020-11-05 00:00:00,14001.69,14495,13550,14163.7,22.84660621
2020-11-06 00:00:00,14160.71,15755.1,14129.31,15612.4,334.38470598
2020-11-07 00:00:00,15623.02,15985.52,15205.8,15574.8,336.44520191
2020-11-08 00:00:00,15612.1,15753.8,14341.72,14898.5,87.10114697
2020-11-09 00:00:00,14788.8,15645.59,14767.34,15488.4,15.63486685
2020-11-10 00:00:00,15489.29,15798.75,14846,15300.4,248.08589485
2020-11-11 00:00:00,15287.51,15436.7,15112.5,15294.93,214.44816519
2020-11-12 00:00:00,15304.29,15864.8,15288.19,15777.3,102.32616134
2020-11-13 00:00:00,15680,16328.8,15542.26,16289.6,170.89102866
2020-11-14 00:00:00,16292.8,16476.99,16058.59,16343.93,131.85873504
2020-11-15 00:00:00,16260.6,16318,15742.68,16100.51,72.7751422
2020-11-16 00:00:00,16089,16150,15803.25,15994.7,9.58178359
2020-11-17 00:00:00,15939.07,16859.56,15904.87,16766.69,183.18432492
2020-11-18 00:00:00,16760.09,17844.2,16567.89,17672.59,207.76524499
2020-11-19 00:00:00,17669.8,18472.6,17130.71,17784.1,943.30468893
2020-11-20 00:00:00,17775.1,18152.39,17406.2,17815,324.97620722
2020-11-21 00:00:00,17813.1,18792.58,17787.87,18685.86,269.13115264
2020-11-22 00:00:00,18688.11,18942.21,18352.4,18718.69,304.71847322
2020-11-23 00:00:00,18605.2,18681.49,17648.93,18422.29,57.40439861
2020-11-24 00:00:00,18450.44,18689.36,18028.3,18377.3,323.12578472
2020-11-25 00:00:00,18360.9,19185.5,18031.1,18869.5,628.8222047
2020-11-26 00:00:00,18870.6,19211.45,18505.49,18723.9,286.96712168
2020-11-27 00:00:00,18628.6,18895.39,16214,17151.08,949.40670074
2020-11-28 00:00:00,17148.3,17452,16479.2,17121.56,1345.74144897
2020-11-29 00:00:00,17160.64,17893.49,16907.9,17701,83.17982608
2020-11-30 00:00:00,17754.1,18336.1,17555.6,18197.06,32.16390151
2020-12-01 00:00:00,18205.96,19846.69,18205.96,19610.8,565.44625052
2020-12-02 00:00:00,19633.43,19873.22,18163.7,18882.79,867.46999976
2020-12-03 00:00:00,18743.3,19313.7,18367.5,19222.7,1094.79788416
2020-12-04 00:00:00,19232.3,19586.97,18898.5,19438.09,280.56742208
2020-12-05 00:00:00,19424.84,19524.68,18621.57,18683,564.30294423
2020-12-06 00:00:00,18682.1,19181.9,18525.26,19128.82,19.28791844
2020-12-07 00:00:00,19168.72,19394.9,18895.76,19363.71,193.97895904
2020-12-08 00:00:00,19364.9,19408.52,18932,19193.4,172.56505253
2020-12-09 00:00:00,19200.2,19287.86,18198.22,18322.1,174.28639463
2020-12-10 00:00:00,18314.6,18602.4,17663.16,18554.19,281.31340016
2020-12-11 00:00:00,18544.5,18544.5,17926.14,18282.66,202.92421683
2020-12-12 00:00:00,18254.8,18272.3,17604.71,18026.62,174.09044316
2020-12-13 00:00:00,18048.8,18925.6,18048.8,18792,40.22384787
2020-12-14 00:00:00,18848.38,19384.9,18763.47,19145.77,76.30663496
2020-12-15 00:00:00,19107.5,19310.15,19006.5,19242,158.47885301
2020-12-16 00:00:00,19235.8,19534,19067.4,19432.61,154.37403888
2020-12-17 00:00:00,19431.5,21510.01,19315.26,21361.7,460.78759858
2020-12-18 00:00:00,21347.09,23747.09,21257.58,22844.23,402.8569422
2020-12-19 00:00:00,22827.5,23196.7,22385.2,23096.41,771.89791058
2020-12-20 00:00:00,23111,24055.3,22775.38,23859.89,118.02913495
2020-12-21 00:00:00,23781.31,24267.42,23173.57,23500,70.55485438
2020-12-22 00:00:00,23451.9,24075.75,21927.2,22793.07,123.94902787
2020-12-23 00:00:00,22787.5,23798,22425.5,23798,62.31329043
2020-12-24 00:00:00,23810,24037.8,22666,23236.91,146.91599915
2020-12-25 00:00:00,23200.84,23748.66,22766.29,23730.69,64.63688152
2020-12-26 00:00:00,23746.8,24656.2,23403.31,24617.14,240.76003161
2020-12-27 00:00:00,24589.7,26711.1,24452.9,26440.99,102.85253212
2020-12-28 00:00:00,26492.9,28306.29,25826.3,26228.78,228.36309007
2020-12-29 00:00:00,26317.4,27422.3,26124.04,27040.52,93.93853061
2020-12-30 00:00:00,27043.8,27378.4,25901.7,27359.3,69.1345546
2020-12-31 00:00:00,27354.6,28853.5,27354.6,28680,150.83348281
2021-01-01 00:00:00,28680,29170.03,27926,28939,174.39509232
2021-01-02 00:00:00,28946.22,29451.28,28708.57,29054.17,240.47376269
2021-01-03 00:00:00,29067,33246.4,29050,32151.35,199.04076351
2021-01-04 00:00:00,32027.25,34657.77,31967.93,33093.6,152.2720633
2021-01-05 00:00:00,33000,33261.65,25000.98,31992.6,114.05030069
2021-01-06 00:00:00,32007.5,34358.25,30000,34129.89,38.89675882
2021-01-07 00:00:00,33725,36982.4,33627.32,36961.43,203.66839135
2021-01-08 00:00:00,36887.3,40307.4,36397.1,39441.2,196.3123584
2021-01-09 00:00:00,39526.5,41945.39,36654.13,40626,330.11479052
2021-01-10 00:00:00,40616.1,41370.55,38940,40281.1,94.72467461
2021-01-11 00:00:00,40590.84,41298.2,34867.4,38358.18,176.01446774
2021-01-12 00:00:00,38040.16,38950,30191.9,35485.5,403.71995556
2021-01-13 00:00:00,35455.1,36533.65,31275.01,33524.72,108.49253829
2021-01-14 00:00:00,33873.32,37860.1,29000,37300.2,120.67109557
2021-01-15 00:00:00,37630,40057.6,36866.59,39127.67,89.24892624
2021-01-16 00:00:00,39138.23,39624.9,34391.23,36809.71,176.69056723
2021-01-17 00:00:00,36808.8,37999.99,35359.86,36154.12,56.85424628
2021-01-18 00:00:00,35860,36824.4,33973.52,35781.17,157.51483752
2021-01-19 00:00:00,35890.45,37407.45,34500,36752.08,79.33637755
2021-01-20 00:00:00,36775,37815.9,35958.2,35958.2,44.92596408
2021-01-21 00:00:00,35958.2,36384.01,33341.91,35602.91,181.63774015
2021-01-22 00:00:00,35431.61,35438.51,30100,30858.1,93.62666229
2021-01-23 00:00:00,30776.44,33752.15,28756.43,32939.38,104.82780129
2021-01-24 00:00:00,32545.85,33284.93,31500,31984.3,92.19104192
2021-01-25 00:00:00,31934.88,32900,31009.1,32100.74,24.97748793
2021-01-26 00:00:00,32243.66,34755.03,31994.2,32400.86,115.00673988
2021-01-27 00:00:00,32058.7,32909,30971.47,32480.74,194.82694917
2021-01-28 00:00:00,32477.39,32529.82,29243.99,30418.13,122.15734991
2021-01-29 00:00:00,30525.81,33750,29869.2,33157.92,130.59597742
2021-01-30 00:00:00,33487.31,39150,32000,34000,311.0962443
2021-01-31 00:00:00,34465,34820.56,32877.35,34304.82,7.95515684
2021-02-01 00:00:00,34283.98,34294.65,32286.21,32795.49,11.28993455
2021-02-02 00:00:00,32411.19,34613.72,32411.19,33549.79,8.76843961
2021-02-03 00:00:00,33999,35835.44,33613.06,35600,14.41208448
2021-02-04 00:00:00,35510.77,37609.74,35510.77,37609.74,6.44919785
2021-02-05 00:00:00,37830.07,38750,36203.84,37000,30.99373565
2021-02-06 00:00:00,37126.78,38300,36650.51,38300,5.78148745
2021-02-07 00:00:00,38488,40948.1,38324.27,39350,15.67475096
2021-02-08 00:00:00,39250,39405.69,37369.58,38752.48,9.76453788
2021-02-09 00:00:00,38619.6,46773.22,38221.62,46430.05,53.81548187
2021-02-10 00:00:00,46438.76,48041.81,45098.04,46668.22,32.91083437
2021-02-11 00:00:00,46431.25,47307.88,43818.3,45170.67,36.51327511
2021-02-12 00:00:00,44571.12,48657.29,44097.46,48096.85,35.2018303
2021-02-13 00:00:00,48246.06,49092.55,46325,47462.38,29.57526545
2021-02-14 00:00:00,47492.31,48099.34,46763.15,47173.02,7.0738233
2021-02-15 00:00:00,47439.45,49667.08,47439.45,48748.18,17.9617061
2021-02-16 00:00:00,48462.97,48699.34,45858.74,48058.13,16.25727514
2021-02-17 00:00:00,47844,50558.67,47603,49150.43,18.18442525
2021-02-18 00:00:00,49363.36,52613.78,49245.43,52177.36,11.3605052
2021-02-19 00:00:00,52411.73,52411.73,50931,51686.81,3.38989173
2021-02-20 00:00:00,51810.26,56230.46,50814.21,55796.34,12.01387578
2021-02-21 00:00:00,56150,57473.35,53949.41,56147.07,26.09460711
2021-02-22 00:00:00,55886.95,58150.01,55886.95,57658,1.85049
2021-02-23 00:00:00,57450,58230.01,43456.78,53800,69.82253005
2021-02-24 00:00:00,53321.21,55499.2,44000,48462.71,81.03979672
2021-02-25 00:00:00,48929.54,51229.87,47086.89,49712.15,22.69669022
2021-02-26 00:00:00,49960.83,51812.99,46797.57,47022.34,16.68514319
2021-02-27 00:00:00,46868.25,48400,44313.34,46316.77,28.52352559
2021-02-28 00:00:00,47156.79,47871.04,45105.76,46168.16,11.73330816
2021-03-01 00:00:00,45840.32,46515.05,43100,45041.42,19.78312763
2021-03-02 00:00:00,45326.24,49602.18,45317.02,49602.18,16.34013781
2021-03-03 00:00:00,49724.19,49871.73,47170.98,48138.46,11.68138821
2021-03-04 00:00:00,48437.9,52439.16,48437.9,50504.25,25.29675079
2021-03-05 00:00:00,50000,51540.39,47587.44,48511.67,8.09430274
2021-03-06 00:00:00,47800,49403.19,46318,48768.68,25.86919632
2021-03-07 00:00:00,48693.06,49056.37,47188.26,48915.65,5.16168182
2021-03-08 00:00:00,49176.88,51339.1,49176.88,51265.39,11.1058954
2021-03-09 00:00:00,50953,52100,49448.87,52100,13.10679091
2021-03-10 00:00:00,52252.29,54871.68,51971.99,54871.68,15.10488655
2021-03-11 00:00:00,54879.8,57250,52965.58,56024.6,28.14779444
2021-03-12 00:00:00,55702.34,58080,54400,57692.87,44.81234928
2021-03-13 00:00:00,57857.22,57992.47,55123.45,57142.94,17.55023521
2021-03-14 00:00:00,56898.42,61729.76,56203,61368.01,51.59682716
2021-03-15 00:00:00,61418,61483.42,55001,59022.82,11.76158735
2021-03-16 00:00:00,59012.67,60331.72,54584.01,55700,48.89013206
2021-03-17 00:00:00,55668.54,56892.21,53309.29,56892.21,82.67523959
2021-03-18 00:00:00,57085.19,58952.3,54211.45,58952.3,56.89688675
2021-03-19 00:00:00,59013,60006.19,57194.62,57745.32,28.6568575
2021-03-20 00:00:00,57506.31,59388.8,56576.69,58132.33,23.745362
2021-03-21 00:00:00,58001,59672.71,58001,58172.95,7.31941687
2021-03-22 00:00:00,57986.07,58591.06,55764.07,57367.86,4.25386175
2021-03-23 00:00:00,57000,58375.97,53250.03,54179.53,113.77541139
2021-03-24 00:00:00,54711.39,55747.21,53100,54421.34,56.88390844
2021-03-25 00:00:00,54000,57078.23,51775,52379.6,44.40342269
2021-03-26 00:00:00,52379.6,53192,50491.32,51479.82,28.11022746
2021-03-27 00:00:00,51446.88,55000,51446.88,55000,18.8907057
2021-03-28 00:00:00,55125,56505.01,54194.23,55893.62,8.85181326
2021-03-29 00:00:00,55889.93,56256.32,54898.85,55800,1.26803097
2021-03-30 00:00:00,55804.52,58231.01,54938.75,57335.36,56.14933786
2021-03-31 00:00:00,57615.37,59254.86,57116.85,58739.89,13.122883
2021-04-01 00:00:00,58797.37,59782.97,56990.64,58804.55,27.33623154
2021-04-02 00:00:00,58925.52,59454.78,58099.9,58840.1,8.10479714
2021-04-03 00:00:00,58821.47,60070.38,58535.63,59028.14,16.80379854
2021-04-04 00:00:00,59070.08,59698.19,57000,57135.34,11.43207696
2021-04-05 00:00:00,56775.04,58330.23,56528.06,58064.05,5.35718346
2021-04-06 00:00:00,57848.22,59149.61,56885.43,59111.68,31.01031881
2021-04-07 00:00:00,59333.87,59414.46,57353.45,58033.72,22.02000602
2021-04-08 00:00:00,58051,58638.01,55442.99,56465.88,72.89673526
2021-04-09 00:00:00,55892.98,58089.19,55871.62,58009.29,172.37637243
2021-04-10 00:00:00,58224.6,58728.14,57746.85,58054.47,56.62410943
2021-04-11 00:00:00,58012.06,61094.32,58012.06,59119.87,32.85678845
2021-04-12 00:00:00,59917.12,60590.68,59245.45,59958.38,2.97871264
2021-04-13 00:00:00,60238.66,60884.47,59454.98,59872.55,17.63974931
2021-04-14 00:00:00,59832.43,63641.2,59832.43,63437.85,38.40647878
2021-04-15 00:00:00,63646.37,64820.84,61305.85,62942.2,65.97025985
2021-04-16 00:00:00,63274.28,63683.86,62120.1,63268.5,63.6976822
2021-04-17 00:00:00,63268.51,63590.4,60147.92,61643.94,138.64610344
2021-04-18 00:00:00,61540.34,62605.9,59734.54,60129.45,32.48130416
2021-04-19 00:00:00,60000,60000,51708.52,56523.37,213.85764372
2021-04-20 00:00:00,56148.19,57588.47,54418.42,55824.58,9.87662303
2021-04-21 00:00:00,55380,57043.36,53497.82,56427.78,32.54563073
2021-04-22 00:00:00,56646.29,56665,53732.69,54175.9,58.54627528
2021-04-23 00:00:00,53949.95,55435.21,50518.75,51745.11,131.49794991
2021-04-24 00:00:00,51688.28,52059.71,47442.16,50998.34,102.32543761
2021-04-25 00:00:00,50840.14,50927.73,48720.77,50433.72,11.34783535
2021-04-26 00:00:00,50000,50430.64,47097.1,49068.4,38.22061458
2021-04-27 00:00:00,49429.4,54402.24,49006.4,53761.18,27.66291988
2021-04-28 00:00:00,53975.38,55305.44,53392.45,55045.98,5.93780758
2021-04-29 00:00:00,55634.07,56404.06,54027.26,54904.85,17.82245484
2021-04-30 00:00:00,55009.14,55137.97,52516.45,53230.11,12.61554358
2021-05-01 00:00:00,53333.98,57907.36,53206.61,57907.36,7.81921815
2021-05-02 00:00:00,58000,58488.51,57188.23,57813.61,7.59862397
2021-05-03 00:00:00,57951.04,57951.04,56125.31,56471.71,5.62812191
2021-05-04 00:00:00,57130.61,58839.65,56715.59,57180.21,11.17746381
2021-05-05 00:00:00,57180.21,57180.21,53130.06,53130.06,22.09252192
2021-05-06 00:00:00,53057.22,57950.84,53057.22,57712.25,10.74311201
2021-05-07 00:00:00,57495.35,58296.09,55356.24,56494.18,8.74090969
2021-05-08 00:00:00,56823.8,58650,55498.26,57000.01,8.96762834
2021-05-09 00:00:00,57183.94,59332.82,57093.58,58951.06,8.59388516
2021-05-10 00:00:00,59038.09,59188.86,56283.78,58367.86,10.11683733
2021-05-11 00:00:00,58282.51,59589.51,53721.33,55801.77,24.80278834
2021-05-12 00:00:00,55876.78,56872.43,54600,56829,5.69333652
2021-05-13 00:00:00,56850,57880.35,48872.8,48872.8,45.42325901
2021-05-14 00:00:00,49210.75,57223,40000,49363.31,80.360002
2021-05-15 00:00:00,49710.33,51359.69,49000,49436.28,7.14781417
2021-05-16 00:00:00,49399.83,50470.67,46659.42,46941.86,14.2952372
2021-05-17 00:00:00,47007.07,49514.47,43969.01,46063.07,23.51224459
2021-05-18 00:00:00,46697.87,46704.87,42199.52,43536.64,20.92224572
2021-05-19 00:00:00,43285.72,45746.51,42368.42,42993.9,15.62873276
2021-05-20 00:00:00,42937.06,43543.43,30608.88,37064.45,102.90052309
2021-05-21 00:00:00,37400.5,42460.52,31111.11,40640.99,97.26015899
2021-05-22 00:00:00,41612.8,42251.26,33674.46,36987.61,54.32249202
2021-05-23 00:00:00,37112.31,38776.37,35347.31,37537.12,25.05345505
2021-05-24 00:00:00,36970.39,38293.9,31493.05,34888.35,59.46860719
2021-05-25 00:00:00,35246.69,39650,32836.33,38877.9,29.07761801
2021-05-26 00:00:00,39119.12,39650,36724.34,38417.95,10.47993907
2021-05-27 00:00:00,38429.67,40800,37896.65,39410.52,18.87377777
2021-05-28 00:00:00,39171.56,40203.73,37262.62,38584.63,15.83569875
2021-05-29 00:00:00,38780.13,38780.13,33500,35766.57,24.47189967
2021-05-30 00:00:00,35986.85,37268.84,33705,34603.55,23.94036052
2021-05-31 00:00:00,34549.5,36412.37,33527.41,35674.91,18.69535085
2021-06-01 00:00:00,35582.85,37442.36,34269,37345.92,22.30245829
2021-06-02 00:00:00,37552.43,37882.05,35739.85,36457.77,18.37258974
2021-06-03 00:00:00,36099.81,38126.54,36014.75,37649.79,10.28011935
2021-06-04 00:00:00,37590.73,39442.71,37260.47,39177.63,141.38339584
2021-06-05 00:00:00,38914.99,38968.73,35712.68,36919.68,305.03607644
2021-06-06 00:00:00,37316.58,37912.13,34971.27,34996.4,18.45356317
2021-06-07 00:00:00,35711.76,36431.01,35265.09,35807.49,4.61192849
2021-06-08 00:00:00,35832.43,36800.83,33500,33668.06,172.0767558
2021-06-09 00:00:00,33608.98,34000,31107.7,33495.05,379.67837292
2021-06-10 00:00:00,33364.27,37400.09,32445.16,37400.09,52.73059786
2021-06-11 00:00:00,37510.4,38506.98,35910.74,36643.29,52.62360492
2021-06-12 00:00:00,36410.15,37653,35936.41,37301.39,26.34121625
2021-06-13 00:00:00,37180.71,37452.76,34698.6,35576,37.92913088
2021-06-14 00:00:00,35576.59,39344,34877.23,39037.88,19.40731155
2021-06-15 00:00:00,38787.99,40989,38787.99,40229.61,44.8635168
2021-06-16 00:00:00,40780.27,41567,39416.31,40210.91,21.90945129
2021-06-17 00:00:00,40126.76,40521.84,38083.52,38227.13,32.91104832
2021-06-18 00:00:00,38269.09,39515.61,37000,37873.09,25.56509959
2021-06-19 00:00:00,38067.27,38101.71,35315.25,35648.5,34.16309278
2021-06-20 00:00:00,35702.67,36656.31,33111,35463.1,128.99517454
2021-06-21 00:00:00,35322.2,36131.51,33451.07,35599.59,19.7658211
2021-06-22 00:00:00,35516.24,35516.24,31111,31583.7,83.0490871
2021-06-23 00:00:00,31647.41,33244,29000,32407.85,33.60253351
2021-06-24 00:00:00,32479.87,34884.46,31755.56,33437.14,41.65688293
2021-06-25 00:00:00,33726.03,36284.16,32407,34749.28,25.49182174
2021-06-26 00:00:00,34851.86,35237.71,31312.04,31455.17,40.13955189
2021-06-27 00:00:00,31657.14,32379.45,30145.25,32262.04,35.83345248
2021-06-28 00:00:00,32375.45,34694.78,31500,34694.78,19.947093
2021-06-29 00:00:00,34665.56,36180,33860.35,34300,14.82636645
2021-06-30 00:00:00,34628.19,36467.59,34253.04,35861.09,15.85177784
2021-07-01 00:00:00,36038.09,36038.09,33204.66,35030.43,18.6488934
2021-07-02 00:00:00,34951.79,34951.79,32111.01,33492.77,23.92786753
2021-07-03 00:00:00,33747.84,33833.67,32732.56,33751.99,27.09075915
2021-07-04 00:00:00,33820.66,35000,33419.36,34499.75,15.13118519
2021-07-05 00:00:00,34630.4,36152.1,34383.03,35405.7,12.12376979
2021-07-06 00:00:00,35179.89,35179.89,33161.33,33724.13,30.84588597
2021-07-07 00:00:00,34027.13,35021.47,33497.92,34259.1,24.69380246
2021-07-08 00:00:00,34189.21,35000,33893.49,33913.19,16.89658744
2021-07-09 00:00:00,33814.94,33906.58,31903.01,32633.06,32.3645227
2021-07-10 00:00:00,32866.82,34070.07,32291.76,33799.56,20.08598337
2021-07-11 00:00:00,33853.08,34193.67,33045.99,33650.71,23.41959656
2021-07-12 00:00:00,33501.22,34554.17,33418.89,34373.19,9.77225755
2021-07-13 00:00:00,34088.37,34546.54,32642.34,33100.88,17.78515865
2021-07-14 00:00:00,32955.22,33240.04,32259.13,32585,38.81215647
2021-07-15 00:00:00,32694.06,33100.17,31608.38,32792.13,17.05284036
2021-07-16 00:00:00,32768.31,33083.11,31170.98,31599.89,81.3478578
2021-07-17 00:00:00,31673.77,32192.94,31016.34,31407.29,12.10347692
2021-07-18 00:00:00,31357.54,31903.15,31174.75,31515.6,9.22786664
2021-07-19 00:00:00,31495.95,32431.17,31201.36,31674.82,23.32093673
2021-07-20 00:00:00,31724.68,31858.79,30418.5,30883.69,48.46275838
2021-07-21 00:00:00,30835.11,30835.11,29394.81,29729.33,46.02714484
2021-07-22 00:00:00,29780.96,32745.06,29021,32153.9,17.35071331
2021-07-23 00:00:00,32160.65,32477.62,31759.53,32293.16,17.33041653
2021-07-24 00:00:00,32260.81,33527.03,32096.49,33527.03,16.86274055
2021-07-25 00:00:00,33640.3,34446.09,33526.62,34301.6,13.26424541
2021-07-26 00:00:00,34278.91,35420.79,33913.26,35420.79,11.12761576
2021-07-27 00:00:00,35694.13,40362.97,31325,37198.99,55.63024002
2021-07-28 00:00:00,37270.08,39466.24,36593.06,39466.24,11.00717014
2021-07-29 00:00:00,39485.07,40815.78,38800,39948.38,20.80843015
2021-07-30 00:00:00,40226.19,40554.72,39311.14,40275.47,10.08634817
2021-07-31 00:00:00,40107.48,42178.53,38562.37,42099.75,18.04921616
2021-08-01 00:00:00,41942.47,42137.62,40895.13,41332.09,13.22096674
2021-08-02 00:00:00,41232.19,42573.15,39411.53,39812.15,15.07721213
2021-08-03 00:00:00,40023.28,40246.29,38711.95,39378.38,7.36693089
2021-08-04 00:00:00,39092.22,39622.94,37629.01,38248.46,14.40542661
2021-08-05 00:00:00,38174.51,39871.23,37511.74,39871.23,21.10686316
2021-08-06 00:00:00,39580.86,41370.59,37342.9,41005,38.80601231
2021-08-07 00:00:00,40940.39,43393.04,39888.42,42782.75,60.48443063
2021-08-08 00:00:00,42851.11,44707.83,41111,44648.45,43.90438384
2021-08-09 00:00:00,44501.26,45309.72,42000,43812.29,17.4924069
2021-08-10 00:00:00,43468.37,46459.73,41111.36,46173.38,26.0326669
2021-08-11 00:00:00,45845.08,45944.91,41200.01,45570.35,21.82595932
2021-08-12 00:00:00,45752.73,46685.85,45336.76,45591.16,18.54396701
2021-08-13 00:00:00,45534.18,46125.21,43826.25,44267.2,17.29595506
2021-08-14 00:00:00,44567.18,47916.23,44232.51,47752.38,33.18638208
2021-08-15 00:00:00,47723.08,48190.68,46074.02,47076.06,30.57870726
2021-08-16 00:00:00,47300,47300,43370,46954.98,29.42070521
2021-08-17 00:00:00,47180.1,48040.71,45745.65,46008.63,11.33141855
2021-08-18 00:00:00,45879.6,47113.1,44000,44721.43,19.3759437
2021-08-19 00:00:00,44627.87,45966.62,44000,44780.79,39.33273567
2021-08-20 00:00:00,44855.78,46850,43982.97,46492.47,312.70667425
2021-08-21 00:00:00,47183.95,49392.33,46710.28,49392.33,68.5184132
2021-08-22 00:00:00,49123.1,49773.53,48356.83,49061.18,67.97037266
2021-08-23 00:00:00,48870.97,49443.67,48225.77,49301.51,34.08169564
2021-08-24 00:00:00,49308.49,50542.53,49107.38,49607.72,137.6162603
2021-08-25 00:00:00,49446.56,49829.64,45000,45000,274.25778087
2021-08-26 00:00:00,47656.1,49180.27,47103.47,48951.76,283.13533047
2021-08-27 00:00:00,48977.22,49142.95,46266.66,46864.81,409.57207932
2021-08-28 00:00:00,46831.3,49138.85,46342.69,49066.34,371.46366661
2021-08-29 00:00:00,49085.87,49191.41,48456.95,48846.91,81.33808818
2021-08-30 00:00:00,48715.59,49400.7,47698.7,48535.86,44.47800115
2021-08-31 00:00:00,48366.79,48650,46866.33,46866.33,54.67762398
2021-09-01 00:00:00,46903.18,48166.6,46782.46,47267.89,273.37509369
2021-09-02 00:00:00,47124.46,48897.03,46545.44,48583.34,197.38181124
2021-09-03 00:00:00,48728.88,50359.68,48692.03,49359.61,136.25487759
2021-09-04 00:00:00,49278.65,50880.42,47001.02,49995.84,155.35385628
2021-09-05 00:00:00,49997.31,50489.27,49397.43,49981.94,134.55055534
2021-09-06 00:00:00,49939,51873.4,49632.46,51771.06,100.03140528
2021-09-07 00:00:00,51709.25,52799.85,51035.93,52663.35,67.07586294
2021-09-08 00:00:00,52653.42,52903.08,40000,46958.54,412.96998704
2021-09-09 00:00:00,46828.08,47349.57,44482.35,46078.75,540.69676942
2021-09-10 00:00:00,46027.05,47386.16,45580.94,46377.53,469.1819227
2021-09-11 00:00:00,46401.89,46988.76,44307.08,44830.12,461.66976992
2021-09-12 00:00:00,44870.59,45947.62,44764.16,45165.56,25.35372701
2021-09-13 00:00:00,44952.16,46234.71,44819.11,45606.4,78.1486601
2021-09-14 00:00:00,45981.89,46798,40000,44921.45,395.24557819
2021-09-15 00:00:00,44932.95,47228.46,44000,46998.01,76.67235695
2021-09-16 00:00:00,47134.21,48415.08,46756.13,48163.2,123.42077384
2021-09-17 00:00:00,48169.4,48464.7,47068.84,47774.28,197.67313553
2021-09-18 00:00:00,47774.28,48173.69,46753.33,47192.82,250.4356983
2021-09-19 00:00:00,47301.5,48754.44,47067.58,48319.5,132.47766086
2021-09-20 00:00:00,48314.05,48352.68,46861.47,47239.39,155.20915017
2021-09-21 00:00:00,47322.83,47322.83,42557.17,42966.83,244.4846059
2021-09-22 00:00:00,43008.59,43614.73,35000.02,40644.9,751.26531504
2021-09-23 00:00:00,40742.35,43991.84,40586.89,43577.4,481.46308124
2021-09-24 00:00:00,43673.62,44956.28,41000,44809.68,126.97618213
2021-09-25 00:00:00,44904.82,45082.81,40380,42748.97,657.57129822
2021-09-26 00:00:00,42864.89,42971.36,41706.61,42730.79,33.35480787
2021-09-27 00:00:00,42694.19,43818.9,40791.69,43156.38,111.00755937
2021-09-28 00:00:00,43077.63,44304.62,42060.89,42173.13,326.18982582
2021-09-29 00:00:00,42234.82,42765.64,40882.93,41062.1,438.81078717
2021-09-30 00:00:00,41017.88,42534.52,40821.8,41540.17,320.75594084
2021-10-01 00:00:00,41540.17,43997.7,41416.46,43784.74,283.47072616
2021-10-02 00:00:00,43806.22,48416.39,43326.27,48157.49,513.15908168
2021-10-03 00:00:00,48159.69,48194.74,47476.82,47653.63,93.4858863
2021-10-04 00:00:00,47653.63,49128.63,47123,48227.94,31.09832145
2021-10-05 00:00:00,48222,49484.08,45000.05,49248.38,33.27164718
2021-10-06 00:00:00,49241.13,51772.93,49072.04,51533.47,53.34718343
2021-10-07 00:00:00,51444.4,56000,50422.82,55417.07,340.16148329
2021-10-08 00:00:00,54896.13,55218.26,53472.54,53768.3,343.80635338
2021-10-09 00:00:00,53770.53,55855.91,53689.84,53969.48,298.53519265
2021-10-10 00:00:00,53977.77,55408.07,52656,55052.32,212.47992063
2021-10-11 00:00:00,54945.09,56431.42,53932,54723.9,82.69228507
2021-10-12 00:00:00,54691.33,57733.08,54417.14,57479.54,186.83801839
2021-10-13 00:00:00,57369.31,57503.22,50005,56350.78,36.95549577
2021-10-14 00:00:00,56039.85,57709.19,54270.75,57224.22,243.07871383
2021-10-15 00:00:00,57295.99,58453.7,56793.54,57321.37,184.36333268
2021-10-16 00:00:00,57321.37,62975.12,56883.7,61666.98,264.92069443
2021-10-17 00:00:00,61685.01,62324.66,60111.25,61007.28,49.67939296
2021-10-18 00:00:00,60691.89,61648.26,55257.33,61518.94,70.71003651
2021-10-19 00:00:00,61518.94,62525.52,59804.83,61924.49,133.83853056
2021-10-20 00:00:00,62030,64356.42,61316.38,64259.56,193.55924077
